"folio","num_capt"
"1001","226"
"1002","54"
"1003","43"
"1004","13"
"1005","42"
"1006","19"
"1007","25"
"1008","11"
"1009","18"
"1010","23"
"1011","27"
"2001","34"
"2002","41"
"2003","18"
"2004","5"
"2005","1"
"2006","27"
"3001","49"
"3002","19"
"3003","63"
"3008","28"
"3009","7"
"4001","48"
"4002","44"
"4003","57"
"4004","78"
"4005","35"
"4006","50"
"4007","13"
"4008","15"
"4009","58"
"4010","22"
"4011","109"
"4012","NA"
"5001","2"
"5002","2"
"5003","5"
"5004","4"
"5005","2"
"5006","8"
"5007","2"
"5008","4"
"5009","6"
"5010",""
"5011","4"
"5012","8"
"5013","1"
"5014","3"
"5015","6"
"5016","1"
"5017","4"
"5018","29"
"5019","4"
"5020","3"
"5021","6"
"5022","25"
"5023","1"
"5024","4"
"5025","2"
"5026","2"
"5027","23"
"5028","4"
"5029","3"
"5030","90"
"5031","4"
"5032","7"
"5033","7"
"5034","3"
"5035","98"
"5036","3"
"5037","1"
"5038","18"
"6001","16"
"6002","75"
"6003","33"
"6004","19"
"6005","33"
"6006","20"
"6007","62"
"6008","18"
"6009","42"
"6010","37"
"7001","2"
"7002","8"
"7003","1"
"7004","2"
"7005","2"
"7006","1"
"7007","2"
"7008","1"
"7009","6"
"7010","1"
"7011","2"
"7012","4"
"7013","1"
"7014","2"
"7015","3"
"7016","8"
"7017","9"
"7018","7"
"7019","9"
"7020","5"
"7021","1"
"7022","3"
"7023","3"
"7024","1"
"7025","3"
"7026","1"
"7027","9"
"7028","7"
"7029","3"
"7030","2"
"7031","2"
"7032","3"
"7033","2"
"7034","2"
"7035","9"
"7036","1"
"7037","2"
"7038","1"
"7039","1"
"7040","2"
"7041","1"
"7042","3"
"7043","2"
"7044","2"
"7045","16"
"7046","6"
"7047","5"
"7048","9"
"7049","1"
"7050","2"
"7051","2"
"7052","4"
"7053","2"
"7054","2"
"7055","3"
"7056","1"
"7057","9"
"7058","1"
"7059","4"
"7060","3"
"7061","4"
"7062","4"
"7063","1"
"7064","1"
"7065","2"
"7066","2"
"7067","3"
"7068","6"
"7069","1"
"7070","2"
"7071","2"
"7072","4"
"7073","5"
"7074","5"
"7075","2"
"7076","23"
"7077","1"
"7078","10"
"7079","1"
"7080","7"
"7081","2"
"7082","1"
"7083","10"
"7084","3"
"7085","2"
"7086","4"
"7087","5"
"7088","5"
"7089","28"
"7090","5"
"7091","2"
"7092","2"
"7093","1"
"7094","9"
"7096","4"
"7097","11"
"7098","3"
"7099","3"
"7100","1"
"7101","5"
"7102","1"
"7103","6"
"7104","1"
"7105","3"
"7106","2"
"7107","4"
"7108","4"
"7109","4"
"7110","2"
"7111","1"
"7112","1"
"7113","3"
"7114","3"
"7115","1"
"7116","2"
"7117","1"
"7118","1"
"7119","1"
"7120","1"
"7121","1"
"7122","2"
"7123","2"
"7124","2"
"7125","NA"
"8001","2"
"8002","8"
"8003","2"
"8004","6"
"8005","5"
"8006","1"
"8007","2"
"8008","11"
"8009","9"
"8010","5"
"8011","6"
"8012","11"
"8013","2"
"8014","10"
"8015","3"
"8016","9"
"8017","31"
"8018","1"
"8019","164"
"8020","2"
"8021","29"
"8022","19"
"8023","5"
"8024","5"
"8025","9"
"8026","1"
"8027","3"
"8028","3"
"8029","2"
"8030","8"
"8031","14"
"8032","24"
"8033","1"
"8034","2"
"8035","15"
"8036","14"
"8037","178"
"8038","4"
"8039","3"
"8040","5"
"8041","11"
"8042","3"
"8043","12"
"8044","8"
"8045","10"
"8046","8"
"8047","11"
"8048","2"
"8049","11"
"8050","13"
"8051","16"
"8052","5"
"8053","1"
"8054","34"
"8055","3"
"8056","21"
"8057","3"
"8058","7"
"8059","6"
"8060","4"
"8061","1"
"8062","8"
"8063","1"
"8064","10"
"8065","7"
"8066","18"
"8067","3"
"9002","36"
"9003","80"
"9004","3"
"9005","10"
"9006","9"
"9007","80"
"9008","10"
"9009","20"
"9010","27"
"9011","18"
"9012","91"
"9013","72"
"9014","24"
"9015","3"
"9016","26"
"9017","5"
"10001","7"
"10002","4"
"10003","14"
"10004","6"
"10005","97"
"10006","1"
"10007","47"
"10008","12"
"10009","5"
"10010","2"
"10011","1"
"10012","11"
"10013","6"
"10014","5"
"10015","4"
"10016","4"
"10017","5"
"10018","3"
"10019","1"
"10020","3"
"10021","13"
"10022","23"
"10023","9"
"10024","3"
"10025","1"
"10026","4"
"10027","13"
"10028","4"
"10029","2"
"10030","2"
"10031","3"
"10032","6"
"10033","3"
"10034","3"
"10035","4"
"10036","4"
"10037","2"
"10038","8"
"10039","4"
"11001","10"
"11002","21"
"11003","21"
"11004","8"
"11005","11"
"11006","5"
"11007","99"
"11008","5"
"11009","25"
"11010","3"
"11011","10"
"11012","8"
"11013","2"
"11014","14"
"11015","15"
"11016","3"
"11017","90"
"11018","8"
"11019","2"
"11020","158"
"11021","19"
"11022","10"
"11023","6"
"11024","2"
"11025","29"
"11026","6"
"11027","39"
"11028","9"
"11029","6"
"11030","3"
"11031","22"
"11032","11"
"11033","3"
"11034","2"
"11035","7"
"11036","12"
"11037","30"
"11038","2"
"11039","8"
"11040","11"
"11041","19"
"11042","9"
"11043","26"
"11044","6"
"11045","4"
"11046","10"
"12001","3"
"12002","3"
"12003","19"
"12004","6"
"12005","2"
"12006","1"
"12007","8"
"12008","1"
"12009","1"
"12010","7"
"12011","1"
"12012","3"
"12013","2"
"12014","11"
"12015","2"
"12016","3"
"12017","1"
"12018","1"
"12019","NA"
"12020","4"
"12021","41"
"12022","13"
"12023","3"
"12024","1"
"12025","12"
"12026","5"
"12027","32"
"12028","5"
"12029","26"
"12030","22"
"12031","2"
"12032","7"
"12033","3"
"12034","3"
"12035","9"
"12036","3"
"12037","2"
"12038","21"
"12039","11"
"12040","4"
"12041","2"
"12042","3"
"12043","6"
"12044","3"
"12045","3"
"12046","1"
"12047","1"
"12048","7"
"12049","3"
"12050","14"
"12051","1"
"12052","2"
"12053","2"
"12054","6"
"12055","13"
"12056","1"
"12057","6"
"12058","6"
"12059","17"
"12060","2"
"12061","5"
"12062","14"
"12063","1"
"12064","5"
"12065","2"
"12066","9"
"12067","15"
"12068","3"
"12069","1"
"12070","4"
"12071","7"
"12072","2"
"12073","13"
"12074","4"
"12075","8"
"12076","2"
"12077","10"
"12078","3"
"12079","2"
"12080","1"
"12081","2"
"13001","21"
"13002","20"
"13003","23"
"13004","10"
"13005","5"
"13006","21"
"13007","7"
"13008","10"
"13009","3"
"13010","18"
"13011","1"
"13012","3"
"13013","18"
"13014","8"
"13015","27"
"13016","29"
"13017","4"
"13018","3"
"13019","12"
"13020","15"
"13021","5"
"13022",""
"13023","3"
"13024","31"
"13025","2"
"13026","2"
"13027","10"
"13028","5"
"13029","15"
"13030","5"
"13031","4"
"13032","14"
"13033","3"
"13034","37"
"13035","10"
"13036","6"
"13037","10"
"13038","58"
"13039",""
"13040","4"
"13041","6"
"13042","50"
"13043","11"
"13044","12"
"13045","21"
"13046","40"
"13047","11"
"13048","49"
"13049","16"
"13050","4"
"13051",""
"13052","4"
"13053","70"
"13054","20"
"13055","3"
"13056","11"
"13057",""
"13058","3"
"13059","1"
"13060","5"
"13061","9"
"13062","58"
"13063","16"
"13064","3"
"13065","3"
"13066","3"
"13067","10"
"13068","7"
"13069","10"
"13070","4"
"13071","40"
"13072","4"
"13073","50"
"13074","3"
"13075","6"
"13076","19"
"13077","23"
"13078","6"
"13079","24"
"13080","20"
"13081","3"
"13082",""
"13083","7"
"13084","9"
"14001","9"
"14002","11"
"14003","10"
"14004","4"
"14005","4"
"14006","21"
"14007","7"
"14008","30"
"14009","16"
"14010","8"
"14011","11"
"14012","8"
"14013","6"
"14014","22"
"14015","12"
"14016","15"
"14017","7"
"14018","20"
"14019","10"
"14020","41"
"14021","12"
"14022","12"
"14023","18"
"14024","21"
"14025","16"
"14026","13"
"14027","13"
"14028","8"
"14029","4"
"14030","25"
"14031","10"
"14032","3"
"14033","5"
"14034","9"
"14035","32"
"14036","8"
"14037","9"
"14038","9"
"14039","196"
"14040","17"
"14041","8"
"14042","3"
"14043","10"
"14044","30"
"14045","11"
"14046","21"
"14047","4"
"14048","9"
"14049","12"
"14050","22"
"14051","10"
"14052","5"
"14053","32"
"14054","10"
"14055","14"
"14056","2"
"14057","6"
"14058","2"
"14059","11"
"14060","14"
"14061","26"
"14062","4"
"14063","19"
"14064","5"
"14065","9"
"14066","23"
"14067","27"
"14068","3"
"14069","17"
"14070","8"
"14071","3"
"14072","8"
"14073","33"
"14074","4"
"14075","6"
"14076","5"
"14077","26"
"14078","11"
"14079","3"
"14080","30"
"14081","7"
"14082","10"
"14083","28"
"14084","5"
"14085","6"
"14086","13"
"14087","11"
"14088","5"
"14089","6"
"14090","6"
"14091","27"
"14092","12"
"14093","49"
"14094","11"
"14095","6"
"14096","12"
"14097","127"
"14098","22"
"14099","7"
"14100","12"
"14101",""
"14102","12"
"14103","2"
"14104","14"
"14105","21"
"14106","7"
"14107","11"
"14108","28"
"14109","9"
"14110","11"
"14111","7"
"14112","10"
"14113","3"
"14114","11"
"14115","8"
"14116","23"
"14117","9"
"14118","35"
"14119","19"
"14120","40"
"14121","10"
"14122","4"
"14123","16"
"14124","27"
"14125","4"
"15001","3"
"15002","4"
"15003","10"
"15004","2"
"15005","7"
"15006","3"
"15007","1"
"15008","2"
"15009","5"
"15010","6"
"15011","11"
"15012","3"
"15013","39"
"15014","11"
"15015","1"
"15016","8"
"15017",""
"15018","1"
"15019","1"
"15020","22"
"15021","2"
"15022","1"
"15023","4"
"15024","17"
"15025","28"
"15026","27"
"15027","2"
"15028","17"
"15029","24"
"15030","9"
"15031","31"
"15032","41"
"15033","94"
"15034","2"
"15035","18"
"15036","12"
"15037","2"
"15038","6"
"15039","47"
"15040","2"
"15041","11"
"15042","5"
"15043","1"
"15044","3"
"15045","20"
"15046",""
"15047","4"
"15048","4"
"15049","3"
"15050","2"
"15051","10"
"15052","4"
"15053","4"
"15054","38"
"15055","2"
"15056","5"
"15057","65"
"15058","9"
"15059","12"
"15060","31"
"15061","2"
"15062","18"
"15063","2"
"15064","11"
"15065","3"
"15066","5"
"15067","24"
"15068","1"
"15069","2"
"15070","9"
"15071","6"
"15072","3"
"15073","5"
"15074","6"
"15075","5"
"15076","12"
"15077","10"
"15078","4"
"15079","5"
"15080","6"
"15081","55"
"15082","18"
"15083","3"
"15084","9"
"15085","9"
"15086","43"
"15087","40"
"15088","8"
"15089","1"
"15090","4"
"15091","10"
"15092","3"
"15093","8"
"15094","3"
"15095","13"
"15096","10"
"15097","4"
"15098","2"
"15099","20"
"15100","5"
"15101","3"
"15102","6"
"15103","2"
"15104","21"
"15105",""
"15106","98"
"15107","4"
"15108","8"
"15109","27"
"15110","52"
"15111","2"
"15112","8"
"15113","7"
"15114","61"
"15115","8"
"15116","7"
"15117","8"
"15118","18"
"15119","1"
"15120","46"
"15121","50"
"15122","12"
"15123","2"
"15124","14"
"15125","2"
"16001","2"
"16002","2"
"16003","3"
"16004","2"
"16005","13"
"16006","21"
"16007","8"
"16008","5"
"16009","5"
"16010","8"
"16011","5"
"16012","3"
"16013","11"
"16014","6"
"16015","3"
"16016","3"
"16017","2"
"16018","3"
"16019","3"
"16020","2"
"16021","1"
"16022","4"
"16023","3"
"16024","3"
"16025","14"
"16026","1"
"16027","1"
"16028","12"
"16029","1"
"16030","3"
"16031","3"
"16032","1"
"16033","1"
"16034","19"
"16035","2"
"16036","4"
"16037","3"
"16038","12"
"16039","1"
"16040","3"
"16041","4"
"16042","2"
"16043","14"
"16044","3"
"16045","15"
"16046","2"
"16047","3"
"16048","2"
"16049","4"
"16050","7"
"16051","2"
"16052","16"
"16053","125"
"16054","1"
"16055","6"
"16056","3"
"16057","6"
"16058","2"
"16059","2"
"16060","3"
"16061","2"
"16062","4"
"16063","4"
"16064","3"
"16065","2"
"16066","8"
"16067","3"
"16068","9"
"16069","26"
"16070","6"
"16071","9"
"16072","3"
"16073","3"
"16074","2"
"16075","1"
"16076","15"
"16077","7"
"16078","6"
"16079","5"
"16080","11"
"16081","8"
"16082","2"
"16083","1"
"16084","5"
"16085","5"
"16086","3"
"16087","3"
"16088","25"
"16089","2"
"16090","3"
"16091","2"
"16092","7"
"16093","8"
"16094","3"
"16095","2"
"16096","3"
"16097","1"
"16098","10"
"16099","2"
"16100","2"
"16101","3"
"16102","12"
"16103","3"
"16104","2"
"16105","5"
"16106","6"
"16107","7"
"16108","53"
"16109","2"
"16110","4"
"16111","1"
"16112","13"
"16113","3"
"17001","17"
"17002","7"
"17003","14"
"17004","31"
"17005","2"
"17006","39"
"17007","88"
"17008","23"
"17009","2"
"17010","12"
"17011","39"
"17012","31"
"17013","10"
"17014","7"
"17015","13"
"17016","9"
"17017","6"
"17018","34"
"17019","15"
"17020","13"
"17021","5"
"17022","4"
"17023","2"
"17024","24"
"17025","6"
"17026","7"
"17027","1"
"17028","19"
"17029","30"
"17030","21"
"17031","14"
"17032","5"
"17033","5"
"17034","2"
"17035","2"
"17036","1"
"18001","32"
"18002","12"
"18003","11"
"18004","20"
"18005","8"
"18006","30"
"18007","4"
"18008","30"
"18009","7"
"18010","36"
"18011","23"
"18012","6"
"18013","12"
"18014","19"
"18015","48"
"18016","19"
"18017","83"
"18018","6"
"18019","16"
"18020","58"
"19001","13"
"19002","3"
"19003","1"
"19004","20"
"19005","2"
"19006","7"
"19007","5"
"19008","2"
"19009","15"
"19010","17"
"19011","3"
"19012","9"
"19013","2"
"19014","4"
"19015","1"
"19016","1"
"19017","7"
"19018","15"
"19019","24"
"19020","1"
"19021","14"
"19022","11"
"19023","1"
"19024","1"
"19025","3"
"19026","6"
"19027","3"
"19028","2"
"19029","9"
"19030","1"
"19031","6"
"19032","1"
"19033","36"
"19034","2"
"19035","1"
"19036","1"
"19037","15"
"19038","33"
"19039","28"
"19040","1"
"19041","3"
"19042","3"
"19043","1"
"19044","10"
"19045","16"
"19046","16"
"19047","14"
"19048","19"
"19049","12"
"19050","1"
"19051","2"
"20001","4"
"20002","5"
"20003","6"
"20004","5"
"20005","2"
"20006","5"
"20007","1"
"20008","1"
"20009","1"
"20010","2"
"20011","2"
"20012","1"
"20013","2"
"20014","7"
"20015","2"
"20016","4"
"20017","1"
"20018","2"
"20019","1"
"20020","1"
"20021","1"
"20022","5"
"20023","7"
"20024","2"
"20025","5"
"20026","1"
"20027","2"
"20028","4"
"20029","5"
"20030","4"
"20031","4"
"20032","2"
"20033","2"
"20034","1"
"20035","2"
"20036","2"
"20037","2"
"20038","3"
"20039","7"
"20040","1"
"20041","2"
"20042","3"
"20043","8"
"20044","6"
"20045","3"
"20046","13"
"20047","2"
"20048","1"
"20049","1"
"20050","2"
"20051","1"
"20052","2"
"20053","2"
"20054","2"
"20055","3"
"20056","1"
"20057","2"
"20058","1"
"20059","13"
"20060","3"
"20061","1"
"20062","1"
"20063","3"
"20064","3"
"20065","3"
"20066","4"
"20067","36"
"20068","6"
"20069","1"
"20070","4"
"20071","6"
"20072","2"
"20073","2"
"20074","1"
"20075","2"
"20076","8"
"20077","2"
"20078","2"
"20079","13"
"20080","1"
"20081","1"
"20082","1"
"20083","4"
"20084","1"
"20085","2"
"20086","2"
"20087","2"
"20088","2"
"20089","5"
"20090","2"
"20091","2"
"20092","2"
"20093","1"
"20094","1"
"20095","NA"
"20096","2"
"20097","3"
"20098","1"
"20099","1"
"20100","3"
"20101","1"
"20102","5"
"20103","1"
"20104","5"
"20105","2"
"20106","1"
"20107","3"
"20108","3"
"20109","2"
"20110","3"
"20111","2"
"20112","3"
"20113","2"
"20114","1"
"20115","5"
"20116","2"
"20117","2"
"20118","4"
"20119","3"
"20120","1"
"20121","1"
"20122","2"
"20123","1"
"20124","3"
"20125","2"
"20126","2"
"20127","3"
"20128","4"
"20129","4"
"20130","3"
"20131","10"
"20132","2"
"20133","6"
"20134","6"
"20135","5"
"20136","1"
"20137","1"
"20138","2"
"20139","2"
"20140","1"
"20141","2"
"20142","7"
"20143","5"
"20144","3"
"20145","3"
"20146","1"
"20147","4"
"20148","2"
"20149","2"
"20150","3"
"20151","7"
"20152","3"
"20153","6"
"20154","1"
"20155","3"
"20156","3"
"20157","4"
"20158","1"
"20159","6"
"20160","3"
"20161","1"
"20162","5"
"20163","2"
"20164","2"
"20165","1"
"20166","2"
"20167","3"
"20168","2"
"20169","1"
"20170","NA"
"20171","1"
"20172","4"
"20173","3"
"20174","2"
"20175","1"
"20176","5"
"20177","2"
"20178","3"
"20179","2"
"20180","1"
"20181","2"
"20182","3"
"20183","5"
"20184","28"
"20185","2"
"20186","2"
"20187","3"
"20188","1"
"20189","4"
"20190","1"
"20191","2"
"20192","4"
"20193","1"
"20194","6"
"20195","6"
"20196","2"
"20197","1"
"20198","3"
"20199","1"
"20200","3"
"20201","3"
"20202","2"
"20203","1"
"20204","6"
"20205","1"
"20206","1"
"20207","3"
"20208","1"
"20209","3"
"20210","3"
"20211","1"
"20212","1"
"20213","3"
"20214","6"
"20215","1"
"20216","4"
"20217","1"
"20218","4"
"20219","1"
"20220","1"
"20221","4"
"20222","3"
"20223","4"
"20224","1"
"20225","2"
"20226","4"
"20227","6"
"20228","1"
"20229","8"
"20230","1"
"20231","1"
"20232","2"
"20233","5"
"20234","1"
"20235","3"
"20236","2"
"20237","2"
"20238","1"
"20239","2"
"20240","2"
"20241","2"
"20242","2"
"20243","1"
"20244","1"
"20245","2"
"20246","3"
"20247","2"
"20248","2"
"20249","5"
"20250","3"
"20251","1"
"20252","4"
"20253","2"
"20254","4"
"20255","2"
"20256","2"
"20257","3"
"20258","10"
"20259","5"
"20260","3"
"20261","4"
"20262","4"
"20263","6"
"20264","3"
"20265","1"
"20266","1"
"20267","1"
"20268","3"
"20269","2"
"20270","3"
"20271","1"
"20272","6"
"20273","2"
"20274","2"
"20275","5"
"20276","2"
"20277","4"
"20278","1"
"20279","5"
"20280","2"
"20281","1"
"20282","2"
"20283","3"
"20284","7"
"20285","3"
"20286","3"
"20287","1"
"20288","1"
"20289","2"
"20290","1"
"20291","4"
"20292","1"
"20293","2"
"20294","6"
"20295","3"
"20296","2"
"20297","2"
"20298","5"
"20299","3"
"20300","5"
"20301","2"
"20302","1"
"20303","3"
"20304","2"
"20305","4"
"20306","1"
"20307","2"
"20308","2"
"20309","3"
"20310","2"
"20311","3"
"20312","1"
"20313","1"
"20314","4"
"20315","NA"
"20316","1"
"20317","1"
"20318","9"
"20319","2"
"20320","1"
"20321","3"
"20322","1"
"20323","4"
"20324","2"
"20325","6"
"20326","4"
"20327","7"
"20328","1"
"20329","2"
"20330","5"
"20331","3"
"20332","2"
"20333","2"
"20334","4"
"20335","4"
"20336","2"
"20337","1"
"20338","1"
"20339","7"
"20340","4"
"20341","1"
"20342","3"
"20343","3"
"20344","3"
"20345","3"
"20346","3"
"20347","1"
"20348","2"
"20349","1"
"20350","3"
"20351","1"
"20352","2"
"20353","5"
"20354","2"
"20355","1"
"20356","2"
"20357","3"
"20358","1"
"20359","3"
"20360","3"
"20361","2"
"20362","3"
"20363","2"
"20364","2"
"20365","1"
"20366","4"
"20367","1"
"20368","2"
"20369","2"
"20370","3"
"20371","5"
"20372","2"
"20373","2"
"20374","3"
"20375","3"
"20376","1"
"20377","3"
"20378","1"
"20379","3"
"20380","2"
"20381","2"
"20382","2"
"20383","2"
"20384","2"
"20385","10"
"20386","4"
"20387","2"
"20388","2"
"20389","2"
"20390","10"
"20391","1"
"20392","1"
"20393","3"
"20394","2"
"20395","2"
"20396","1"
"20397","5"
"20398","4"
"20399","4"
"20400","2"
"20401","7"
"20402","1"
"20403","3"
"20404","2"
"20405","3"
"20406","NA"
"20407","1"
"20408","5"
"20409","2"
"20410","3"
"20411","1"
"20412","1"
"20413","13"
"20414","4"
"20415","2"
"20416","1"
"20417","1"
"20418","2"
"20419","1"
"20420","7"
"20421","2"
"20422","5"
"20423","3"
"20424","3"
"20425","2"
"20426","2"
"20427","2"
"20428","1"
"20429","3"
"20430","2"
"20431","1"
"20432","1"
"20433","NA"
"20434","4"
"20435","2"
"20436","1"
"20437","5"
"20438","1"
"20439","1"
"20440","1"
"20441","3"
"20442","1"
"20443","1"
"20444","4"
"20445","2"
"20446","2"
"20447","4"
"20448","5"
"20449","1"
"20450","3"
"20451","2"
"20452","3"
"20453","2"
"20454","3"
"20455","3"
"20456","3"
"20457","3"
"20458","5"
"20459","3"
"20460","1"
"20461","3"
"20462","2"
"20463","5"
"20464","1"
"20465","2"
"20466","2"
"20467","2"
"20468","2"
"20469","4"
"20470","1"
"20471","1"
"20472","1"
"20473","3"
"20474","2"
"20475","2"
"20476","4"
"20477","4"
"20478","3"
"20479","3"
"20480","2"
"20481","2"
"20482","2"
"20483","5"
"20484","3"
"20485","1"
"20486","2"
"20487","2"
"20488","2"
"20489","3"
"20490","1"
"20491","4"
"20492","2"
"20493","1"
"20494","2"
"20495","2"
"20496","3"
"20497","2"
"20498","1"
"20499","2"
"20500","3"
"20501","2"
"20502","3"
"20503","1"
"20504","2"
"20505","5"
"20506","2"
"20507","2"
"20508","2"
"20509","2"
"20510","2"
"20511","2"
"20512","1"
"20513","1"
"20514","3"
"20515","12"
"20516","1"
"20517","3"
"20518","2"
"20519","2"
"20520","4"
"20521","3"
"20522","2"
"20523","4"
"20524","1"
"20525","4"
"20526","15"
"20527","3"
"20528","4"
"20529","2"
"20530","1"
"20531","3"
"20532","2"
"20533","1"
"20534","1"
"20535","4"
"20536","3"
"20537","3"
"20538","3"
"20539","2"
"20540","4"
"20541","2"
"20542","1"
"20543","1"
"20544","2"
"20545","2"
"20546","2"
"20547","3"
"20548","2"
"20549","2"
"20550","1"
"20551","5"
"20552","2"
"20553","3"
"20554","4"
"20555","1"
"20556","3"
"20557","6"
"20558","2"
"20559","4"
"20560","5"
"20561","6"
"20562","3"
"20563","3"
"20564","5"
"20565","11"
"20566","4"
"20567","1"
"20568","2"
"20569","2"
"20570","5"
"21001","1"
"21002","1"
"21003","6"
"21004","6"
"21005","1"
"21006","12"
"21007","3"
"21008","3"
"21009","2"
"21010","7"
"21011","3"
"21012","3"
"21013","3"
"21014","3"
"21015","4"
"21016",""
"21017","22"
"21018","5"
"21019","25"
"21020","2"
"21021","2"
"21022","1"
"21023","6"
"21024","2"
"21025","2"
"21026","11"
"21027","15"
"21028","2"
"21029","2"
"21030","2"
"21031","2"
"21032","2"
"21033","1"
"21034","2"
"21035","3"
"21036","15"
"21037","3"
"21038","2"
"21039","4"
"21040","2"
"21041","19"
"21042","1"
"21043","5"
"21044","1"
"21045","6"
"21046","1"
"21047","9"
"21048","1"
"21049","2"
"21050","2"
"21051","2"
"21052","1"
"21053","1"
"21054","1"
"21055","4"
"21056","3"
"21057","2"
"21058","6"
"21059","2"
"21060","2"
"21061","4"
"21062","9"
"21063","11"
"21064","1"
"21065","1"
"21066","3"
"21067","3"
"21068","2"
"21069","3"
"21070","4"
"21071","3"
"21072","8"
"21073","2"
"21074","6"
"21075","1"
"21076","2"
"21077","5"
"21078","2"
"21079","2"
"21080","1"
"21081","2"
"21082","1"
"21083","26"
"21084","1"
"21085","5"
"21086","1"
"21087","2"
"21088","2"
"21089","4"
"21090","1"
"21091","2"
"21092","8"
"21093","5"
"21094","4"
"21095","1"
"21096","1"
"21097","2"
"21098","1"
"21099","2"
"21100",""
"21101","2"
"21102","5"
"21103","2"
"21104","2"
"21105","2"
"21106","1"
"21107","13"
"21108","9"
"21109","1"
"21110","3"
"21111","1"
"21112","4"
"21113","3"
"21114","202"
"21115","3"
"21116","1"
"21117","4"
"21118","1"
"21119","8"
"21120","6"
"21121","1"
"21122","3"
"21123","2"
"21124","1"
"21125","1"
"21126","2"
"21127","3"
"21128","2"
"21129","4"
"21130","4"
"21131","1"
"21132","7"
"21133","1"
"21134","3"
"21135","3"
"21136","3"
"21137","6"
"21138","11"
"21139","2"
"21140","10"
"21141","1"
"21142","2"
"21143","1"
"21144","2"
"21145","1"
"21146","4"
"21147","4"
"21148","NA"
"21149","5"
"21150","10"
"21151","3"
"21152","5"
"21153","3"
"21154","20"
"21155","2"
"21156","34"
"21157","3"
"21158","1"
"21159","1"
"21160","2"
"21161","1"
"21162","5"
"21163","1"
"21164","3"
"21165","3"
"21166","2"
"21167","3"
"21168","2"
"21169","4"
"21170","2"
"21171","1"
"21172","2"
"21173","2"
"21174","3"
"21175","2"
"21176","2"
"21177","2"
"21178","3"
"21179","3"
"21180","1"
"21181","1"
"21182","1"
"21183","1"
"21184","2"
"21185","2"
"21186","63"
"21187","13"
"21188","1"
"21189","1"
"21190","3"
"21191","10"
"21192","1"
"21193","2"
"21194","9"
"21195","21"
"21196","2"
"21197","1"
"21198","NA"
"21199","1"
"21200","1"
"21201","2"
"21202","2"
"21203","4"
"21204","2"
"21205","2"
"21206","3"
"21207","5"
"21208","3"
"21209","4"
"21210","15"
"21211","2"
"21212","3"
"21213",""
"21214","4"
"21215","6"
"21216","4"
"21217","1"
"22001","28"
"22002","7"
"22003","5"
"22004","5"
"22005","25"
"22006","13"
"22007","9"
"22008","8"
"22009","4"
"22010","3"
"22011","28"
"22012","20"
"22013","3"
"22014","95"
"22015","2"
"22016","38"
"22017","18"
"22018","13"
"23001","140"
"23002","83"
"23003","5"
"23004","74"
"23005","175"
"23006","62"
"23007","38"
"23008","30"
"23009","22"
"23010","57"
"23011","8"
"24001","4"
"24002","4"
"24003","5"
"24004","4"
"24005","3"
"24006","5"
"24007","3"
"24008","3"
"24009","7"
"24010","4"
"24011","10"
"24012","1"
"24013","1"
"24014","4"
"24015","4"
"24016","1"
"24017","1"
"24018","1"
"24019","1"
"24020","13"
"24021","2"
"24022","3"
"24023","5"
"24024","10"
"24025","7"
"24026","1"
"24027","3"
"24028","95"
"24029","3"
"24030","1"
"24031","10"
"24032","8"
"24033","1"
"24034","2"
"24035","36"
"24036","1"
"24037","5"
"24038","3"
"24039","1"
"24040","2"
"24041","3"
"24042","4"
"24043","5"
"24044","2"
"24045","3"
"24046","8"
"24047","4"
"24048","6"
"24049","2"
"24050","2"
"24051","1"
"24052","1"
"24053","1"
"24054","4"
"24055","2"
"24056","3"
"24057","1"
"24058","1"
"25001","39"
"25002","11"
"25003","8"
"25004","15"
"25005","9"
"25006","173"
"25007","65"
"25008","43"
"25009","9"
"25010","72"
"25011","87"
"25012","42"
"25013","49"
"25014","17"
"25015","19"
"25016","40"
"25017","81"
"25018","32"
"26001","3"
"26002","21"
"26003","9"
"26004","3"
"26005","4"
"26006","11"
"26007","2"
"26008","1"
"26009","1"
"26010","1"
"26011","6"
"26012","10"
"26013","5"
"26014","13"
"26015","3"
"26016","3"
"26017","10"
"26018","50"
"26019","15"
"26020","4"
"26021","7"
"26022","3"
"26023","10"
"26024","1"
"26025","11"
"26026","54"
"26027","6"
"26028","2"
"26029","27"
"26030","94"
"26031","3"
"26032","2"
"26033","45"
"26034","2"
"26035","10"
"26036","15"
"26037","2"
"26038","2"
"26039","5"
"26040","3"
"26041","3"
"26042","22"
"26043","62"
"26044","1"
"26045","9"
"26046","2"
"26047","3"
"26048","12"
"26049","8"
"26050","1"
"26051","6"
"26052","15"
"26053","1"
"26054","3"
"26055","37"
"26056","9"
"26057","5"
"26058","10"
"26059","4"
"26060","5"
"26061","6"
"26062","1"
"26063","3"
"26064","2"
"26065","6"
"26066","17"
"26067","2"
"26068","5"
"26069","15"
"26070","4"
"26071","8"
"26072","3"
"27001","78"
"27002","30"
"27003","8"
"27004","56"
"27005","76"
"27006","32"
"27007","34"
"27008","50"
"27009","49"
"27010","5"
"27011","102"
"27012","104"
"27013","3"
"27014","15"
"27015","41"
"27016","50"
"27017","60"
"28001","1"
"28002","6"
"28003","4"
"28004","1"
"28005","3"
"28006","6"
"28007","2"
"28008","1"
"28009","2"
"28010","3"
"28011","2"
"28012","19"
"28013","4"
"28014","1"
"28015","1"
"28016","6"
"28017","1"
"28018","3"
"28019","1"
"28020","1"
"28021","6"
"28022","3"
"28023","1"
"28024","1"
"28025","3"
"28026","2"
"28027","3"
"28028","3"
"28029","3"
"28030","4"
"28031","2"
"28032","22"
"28033","1"
"28034","1"
"28035","3"
"28036","1"
"28037","3"
"28038","2"
"28039","3"
"28040","5"
"28041","35"
"28042","2"
"28043","2"
"29001","4"
"29002","9"
"29003","10"
"29004","20"
"29005","13"
"29006","12"
"29007","6"
"29008","9"
"29009","6"
"29010","16"
"29011","5"
"29012","8"
"29013","29"
"29014","12"
"29015","22"
"29016","3"
"29017","2"
"29018","14"
"29019","6"
"29020","5"
"29021","5"
"29022","4"
"29023","16"
"29024","14"
"29025","15"
"29026","13"
"29027","2"
"29028","5"
"29029","8"
"29030","10"
"29031","12"
"29032","6"
"29033","25"
"29034","47"
"29035","2"
"29036","8"
"29037","4"
"29038","8"
"29039","7"
"29040","6"
"29041","6"
"29042","2"
"29043","13"
"29044","9"
"29045","1"
"29046","7"
"29047","4"
"29048","NA"
"29049","2"
"29050","3"
"29051","1"
"29052","2"
"29053","1"
"29054","2"
"29055","2"
"29056","1"
"29057","3"
"29058","4"
"29059","3"
"29060","2"
"30001","1"
"30002","10"
"30003","6"
"30004","4"
"30005","1"
"30006","2"
"30007","2"
"30008","1"
"30009","7"
"30010","6"
"30011","16"
"30012","3"
"30013","2"
"30014","7"
"30015","5"
"30016","11"
"30017","2"
"30018","1"
"30019","9"
"30020","3"
"30021","3"
"30022","7"
"30023","2"
"30024","3"
"30025","1"
"30026","4"
"30027","1"
"30028",""
"30029","1"
"30030","1"
"30031","11"
"30032","3"
"30033","13"
"30034","1"
"30035","4"
"30036","3"
"30037","2"
"30038","13"
"30039","38"
"30040","1"
"30041","1"
"30042","3"
"30043","1"
"30044","5"
"30045","17"
"30046","4"
"30047","1"
"30048","10"
"30049","2"
"30050","3"
"30051","1"
"30052","4"
"30053","6"
"30054","1"
"30055","3"
"30056","2"
"30057","4"
"30058","2"
"30059","6"
"30060","1"
"30061","10"
"30062","4"
"30063","2"
"30064","1"
"30065","2"
"30066","9"
"30067","1"
"30068","2"
"30069","5"
"30070","4"
"30071","3"
"30072","1"
"30073","14"
"30074","3"
"30075","2"
"30076","1"
"30077","5"
"30078","4"
"30079","4"
"30080","1"
"30081","12"
"30082","2"
"30083","5"
"30084","1"
"30085","50"
"30086","6"
"30087","8"
"30088","8"
"30089","5"
"30090","6"
"30091","3"
"30092","7"
"30093","5"
"30094","10"
"30095","2"
"30096","2"
"30097","8"
"30098","15"
"30099","5"
"30100","18"
"30101","11"
"30102","14"
"30103","3"
"30104","13"
"30105","4"
"30106","7"
"30107","11"
"30108","19"
"30109","5"
"30110","4"
"30111","17"
"30112","6"
"30113","1"
"30114","13"
"30115","2"
"30116","4"
"30117","1"
"30118","19"
"30119","1"
"30120","5"
"30121","1"
"30122","5"
"30123","8"
"30124","12"
"30125","1"
"30126","25"
"30127","3"
"30128","12"
"30129","3"
"30130","10"
"30131","1"
"30132","2"
"30133","6"
"30134","9"
"30135","6"
"30136","7"
"30137","6"
"30138","5"
"30139","2"
"30140","2"
"30141","10"
"30142","5"
"30143","2"
"30144","5"
"30145","4"
"30146","6"
"30147","2"
"30148","4"
"30149","2"
"30150","1"
"30151","2"
"30152","6"
"30153","2"
"30154","2"
"30155","7"
"30156","1"
"30157","2"
"30158","1"
"30159","1"
"30160","8"
"30161","2"
"30162","6"
"30163","2"
"30164","2"
"30165","1"
"30166","17"
"30167","1"
"30168","1"
"30169","6"
"30170","1"
"30171","10"
"30172","1"
"30173","2"
"30174","9"
"30175","5"
"30176","1"
"30177","1"
"30178","4"
"30179","3"
"30180","2"
"30181","10"
"30182","2"
"30183","2"
"30184","4"
"30185","2"
"30186","1"
"30187","4"
"30188","2"
"30189","5"
"30190","1"
"30191","10"
"30192","6"
"30193","83"
"30194","4"
"30195","22"
"30196","5"
"30197","1"
"30198","2"
"30199","2"
"30200","10"
"30201","5"
"30202","3"
"30203","3"
"30204","5"
"30205","3"
"30206","7"
"30207","8"
"30208","1"
"30209","3"
"30210","2"
"30211","6"
"30212","3"
"31001","16"
"31002","10"
"31003","4"
"31004","4"
"31005","3"
"31006","6"
"31007","2"
"31008","4"
"31009","4"
"31010","5"
"31011","3"
"31012","4"
"31013","12"
"31014","5"
"31015","7"
"31016","4"
"31017","14"
"31018","6"
"31019","38"
"31020","3"
"31021","16"
"31022","7"
"31023","2"
"31024","3"
"31025","3"
"31026","6"
"31027","7"
"31028","6"
"31029","3"
"31030","6"
"31031","4"
"31032","14"
"31033","12"
"31034","4"
"31035","4"
"31036","6"
"31037","4"
"31038","11"
"31039","2"
"31040","16"
"31041","25"
"31042","4"
"31043","7"
"31044","4"
"31045","3"
"31046","2"
"31047","4"
"31048","18"
"31049","3"
"31050","304"
"31051","4"
"31052","24"
"31053","10"
"31054","5"
"31055","3"
"31056","19"
"31057","7"
"31058","32"
"31059","28"
"31060","2"
"31061","4"
"31062","6"
"31063","5"
"31064","3"
"31065","1"
"31066","4"
"31067","6"
"31068","5"
"31069","8"
"31070","3"
"31071","4"
"31072","3"
"31073","6"
"31074","3"
"31075","3"
"31076","15"
"31077","2"
"31078","5"
"31079","50"
"31080","3"
"31081","7"
"31082","2"
"31083","2"
"31084","5"
"31085","14"
"31086","4"
"31087","4"
"31088","3"
"31089","8"
"31090","5"
"31091","14"
"31092","11"
"31093","14"
"31094","11"
"31095","9"
"31096","73"
"31097","6"
"31098","22"
"31099","4"
"31100","3"
"31101","29"
"31102","47"
"31103","3"
"31104","35"
"31105","2"
"31106","2"
"32001","12"
"32002","6"
"32003","8"
"32004","10"
"32005","12"
"32006","8"
"32007","25"
"32008","6"
"32009","12"
"32010","36"
"32011","7"
"32012","12"
"32013","9"
"32014","40"
"32015","14"
"32016","28"
"32017","31"
"32018","15"
"32019","14"
"32020","8"
"32021","7"
"32022","12"
"32023","9"
"32024","49"
"32025","16"
"32026","60"
"32027","13"
"32028","8"
"32029","10"
"32030","7"
"32031","8"
"32032","19"
"32033","8"
"32034","19"
"32035","26"
"32036","32"
"32037","12"
"32038","86"
"32039","27"
"32040","23"
"32041","6"
"32042","61"
"32043","4"
"32044","10"
"32045","10"
"32046","11"
"32047","11"
"32048","10"
"32049","24"
"32050","4"
"32051","52"
"32052","29"
"32053","10"
"32054","31"
"32055","11"
"32056","21"
"32057","9"
"32058","10"
