"id_dren","admn_id","localid"
"6","778","255813"
"27","8224","151043"
"49","6929","158961"
"63","8772","161909"
"66","8777","161922"
"71","1741","267604"
"72","1744","281888"
"73","8769","161900"
"75","6728","301416"
"84","8701","162244"
"86","9321","159036"
"87","9323","159068"
"91","7496","255812"
"97","5939","118475"
"98","9121","158695"
"99","9122","158700"
"100","1221","222059"
"105","9223","158850"
"107","6550","182286"
"108","5382","119338"
"111","7461","255379"
"112","7494","255811"
"113","7258","40766"
"114","5469","116841"
"120","689","255430"
"122","7459","255426"
"123","9301","159691"
"124","7460","255432"
"125","7481","255427"
"127","5830","301371"
"128","6794","160883"
"129","7570","159701"
"144","8768","161895"
"145","8770","161902"
"147","6844","116836"
"148","8761","161873"
"149","8762","161875"
"150","8763","161879"
"154","8765","161883"
"155","8776","161919"
"156","8778","161960"
"157","8774","161916"
"158","6842","116828"
"159","5946","302087"
"163","8771","161908"
"164","8773","161914"
"165","6927","158932"
"166","6930","158957"
"167","8775","161918"
"168","7822","254820"
"169","7823","254828"
"170","7824","254816"
"171","7825","254823"
"172","7826","254814"
"173","7827","254817"
"176","6843","116819"
"177","8764","161880"
"178","5987","301423"
"182","8362","161211"
"185","7568","159893"
"187","8354","161280"
"188","8356","161872"
"192","9205","161286"
"193","9206","161295"
"200","7791","254824"
"203","8140","158660"
"207","8572","188408"
"208","8573","188404"
"211","7588","159098"
"215","9614","179236"
"219","8285","161749"
"220","8360","162237"
"221","362","10818"
"222","1009","77722"
"223","349","218914"
"229","4767","265145"
"232","6005","117444"
"236","7504","294233"
"238","7502","157372"
"239","753","281027"
"244","1209","52586"
"248","7488","55366"
"251","5205","272140"
"254","966","256176"
"268","2626","28338"
"273","7514","299092"
"280","1028","79291"
"281","1036","258132"
"283","1854","231917"
"287","7491","303100"
"289","427","268732"
"291","5741","115098"
"294","7508","54844"
"295","5743","115144"
"303","1212","52642"
"304","1213","213489"
"309","2632","59990"
"314","6596","265556"
"315","6731","301378"
"318","7629","296637"
"321","7632","110094"
"325","6589","278398"
"326","7487","300747"
"327","755","28520"
"328","1181","273046"
"331","9582","297559"
"333","1215","213174"
"338","5787","115189"
"344","5930","117677"
"345","3941","150802"
"346","5940","118520"
"347","1251","55326"
"348","6001","118546"
"351","745","268720"
"360","6764","301434"
"366","2744","258704"
"372","7434","151370"
"374","7270","41681"
"377","7321","134544"
"385","724","104466"
"387","7567","201324"
"390","5281","301302"
"394","6797","239603"
"402","7323","138303"
"404","7325","138423"
"415","7441","154103"
"416","670","98654"
"426","4741","259701"
"431","2184","53153"
"436","7368","120473"
"438","7390","157780"
"440","7444","106336"
"443","5468","116813"
"445","5474","119041"
"447","5482","95319"
"448","5641","227739"
"449","6588","278364"
"453","7386","60073"
"456","7388","59575"
"457","892","300896"
"460","878","101793"
"461","2789","234612"
"464","5207","273355"
"471","641","263729"
"472","668","97724"
"475","884","44040"
"477","7409","150059"
"485","7446","153489"
"493","5083","266957"
"500","7232","301300"
"507","7326","45900"
"509","7355","51525"
"511","1845","230078"
"515","7342","126982"
"518","925","65877"
"527","7389","132269"
"530","346","12407"
"532","623","256364"
"533","624","257300"
"543","5542","233817"
"545","7344","301305"
"550","1064","300955"
"556","1244","264442"
"557","5470","117092"
"562","6002","118596"
"563","6022","301397"
"564","6023","301400"
"568","6560","276736"
"569","505","254957"
"584","7348","124147"
"588","7351","50865"
"592","7353","51408"
"599","7079","295505"
"604","7144","146868"
"610","7206","123541"
"612","7596","159805"
"616","759","21795"
"631","6009","117402"
"632","6088","96936"
"638","698","34911"
"639","802","301411"
"642","963","221609"
"649","1184","280882"
"650","1186","49962"
"656","325","11808"
"658","344","14588"
"666","1082","215842"
"668","7639","114894"
"669","630","259939"
"681","4065","257373"
"684","6508","176855"
"685","3221","282948"
"687","6663","183629"
"693","1405","95449"
"697","6725","141920"
"698","6769","301470"
"703","1743","272285"
"717","3322","261345"
"718","5788","115286"
"719","3645","29291"
"732","5744","115169"
"733","5834","152951"
"734","6587","182833"
"740","7070","153107"
"743","1188","281085"
"744","1189","50048"
"748","1414","98128"
"749","6544","273374"
"751","6593","282599"
"754","7022","76224"
"761","843","39465"
"765","2368","50117"
"769","2373","281016"
"776","5864","140415"
"791","3806","149852"
"792","5105","144309"
"801","464","219218"
"802","465","217249"
"812","3445","96691"
"813","3448","216542"
"818","3963","42374"
"820","7450","148632"
"828","3303","59906"
"831","7072","295436"
"832","5802","119488"
"834","7455","55066"
"835","2327","266392"
"837","4141","271535"
"838","8977","188281"
"840","8986","188700"
"846","1363","277605"
"847","1365","265614"
"853","5763","301355"
"859","1723","267153"
"863","3074","263820"
"866","5777","119759"
"870","2223","140379"
"880","5774","301227"
"884","5951","116113"
"887","5967","301430"
"890","6068","200859"
"903","7367","51769"
"915","2322","260219"
"917","3304","260805"
"924","5907","115647"
"927","5945","302087"
"928","401","26953"
"937","5948","116175"
"938","5955","116157"
"945","5944","115978"
"949","5915","301439"
"955","5962","302106"
"966","3748","236152"
"985","8965","301276"
"988","6847","150030"
"998","8964","136731"
"1000","6969","63721"
"1008","7574","297311"
"1013","7857","208103"
"1017","7697","113113"
"1037","8357","162148"
"1038","8358","162150"
"1039","8382","301258"
"1042","8424","193244"
"1045","5638","115035"
"1046","8781","301341"
"1053","8386","121329"
"1057","8403","192703"
"1060","8421","193053"
"1083","8854","194980"
"1090","8313","301234"
"1112","8879","152284"
"1118","9168","128301"
"1129","7946","294270"
"1131","7976","157401"
"1148","9510","266513"
"1165","8007","134896"
"1166","8006","301284"
"1170","7752","81415"
"1176","7850","125792"
"1181","9721","177949"
"1184","2385","282552"
"1192","8462","195400"
"1199","1421","282030"
"1211","9601","174928"
"1216","9611","177174"
"1226","8872","115503"
"1227","8348","161064"
"1231","8873","115504"
"1233","8928","301265"
"1235","1683","98956"
"1237","1684","143146"
"1238","7848","207277"
"1239","3141","142751"
"1241","7809","205841"
"1242","7665","109641"
"1246","7798","209601"
"1248","8087","279051"
"1251","8105","279179"
"1252","8241","126931"
"1256","8283","226532"
"1257","8384","132846"
"1258","8408","192765"
"1261","8290","161455"
"1263","7898","125888"
"1265","8291","161488"
"1281","8963","301325"
"1282","8983","205317"
"1285","9061","192134"
"1297","8311","283319"
"1298","8359","162196"
"1299","8471","193507"
"1302","8569","207329"
"1305","8852","121721"
"1312","8884","188570"
"1313","8888","190239"
"1315","8528","191686"
"1316","8692","279755"
"1317","9349","301322"
"1325","9649","181962"
"1338","9367","92062"
"1344","9691","197538"
"1345","9445","295851"
"1347","9728","191414"
"1348","9705","195672"
"1351","7679","111330"
"1353","8961","131088"
"1354","8900","188927"
"1372","9693","197867"
"1375","9802","299844"
"1376","9865","193717"
"1389","342","13856"
"1391","7711","114621"
"1395","8020","300500"
"1403","2161","257222"
"1405","8845","195030"
"1407","7682","110435"
"1408","7688","203058"
"1410","7708","113932"
"1413","9043","191074"
"1416","9067","299879"
"1441","7771","97128"
"1445","7649","107004"
"1446","7653","108216"
"1447","7654","108387"
"1451","8027","149888"
"1452","8070","301286"
"1465","6607","181680"
"1472","8444","193483"
"1474","8447","187778"
"1489","8305","130003"
"1494","8457","190633"
"1502","9688","196953"
"1505","9162","301277"
"1519","1261","55010"
"1521","7519","300359"
"1522","7672","109769"
"1525","9248","125717"
"1530","8068","133472"
"1532","8071","137139"
"1533","8074","199115"
"1537","10042","197947"
"1541","6462","237524"
"1551","7947","295790"
"1554","7881","258618"
"1559","7666","109717"
"1563","7959","299203"
"1569","7703","113505"
"1575","8202","128247"
"1576","8259","301338"
"1584","7616","106849"
"1585","7647","295764"
"1593","8002","130249"
"1601","7802","210939"
"1613","9263","116921"
"1618","7587","159018"
"1620","7886","259200"
"1621","8576","188460"
"1625","8321","109737"
"1628","8641","188489"
"1640","6742","301414"
"1655","8203","128550"
"1664","7706","113756"
"1667","8920","123756"
"1671","8945","135747"
"1674","9066","299417"
"1677","1281","140349"
"1684","2302","142519"
"1689","1689","226130"
"1691","7619","107326"
"1694","7743","120017"
"1695","7744","120022"
"1704","5627","117235"
"1705","7691","206033"
"1715","8743","301349"
"1747","8082","267829"
"1748","7964","68180"
"1750","9687","196798"
"1761","7951","260635"
"1771","7579","202522"
"1772","7858","258457"
"1780","8295","281050"
"1788","8516","206750"
"1789","8691","134461"
"1797","4884","222973"
"1800","8205","129906"
"1814","8419","193013"
"1827","8993","302551"
"1843","8819","203401"
"1844","9373","187317"
"1849","9401","188105"
"1853","9698","195884"
"1857","9477","188786"
"1865","9848","184033"
"1868","7678","110928"
"1875","7670","294601"
"1884","8347","163112"
"1894","7949","297133"
"1900","1685","259928"
"1905","7462","255381"
"1917","6586","179906"
"1926","8979","156876"
"1929","289","302722"
"1930","7495","255810"
"1942","967","68980"
"1946","5938","118466"
"1956","640","263431"
"1975","7452","202754"
"1979","5910","115676"
"1980","5912","143003"
"1981","5102","267496"
"1985","774","301443"
"1991","8464","191049"
"2004","8904","182500"
"2010","1481","280562"
"2012","7945","210192"
"2017","506","254958"
"2019","322","255380"
"2020","6043","301404"
"2021","646","265299"
"2022","3501","101861"
"2025","461","33787"
"2032","9608","174755"
"2039","7024","300945"
"2041","7792","204561"
"2043","8566","194258"
"2044","8315","276785"
"2046","5663","273210"
"2072","8767","161890"
"2076","7041","96504"
"2080","5849","140590"
"2084","7863","301437"
"2085","7565","244931"
"2110","8224","301530"
"2154","1741","267775"
"2155","1744","281992"
"2158","6728","301416"
"2180","5939","118471"
"2183","1221","222063"
"2196","7258","40777"
"2261","5987","142182"
"2304","362","10842"
"2305","1009","77763"
"2306","349","218985"
"2312","4767","265146"
"2315","6005","117441"
"2319","7504","294243"
"2321","7502","157373"
"2322","753","281029"
"2327","1209","52591"
"2331","7488","55405"
"2334","5205","272146"
"2337","966","256182"
"2351","2626","300754"
"2356","7514","299091"
"2363","1028","79289"
"2364","1036","258133"
"2366","1854","231943"
"2370","7491","294125"
"2372","427","268743"
"2374","5741","115100"
"2377","7508","54843"
"2378","5743","115142"
"2386","1212","52648"
"2387","1213","213503"
"2392","2632","59991"
"2397","6596","265557"
"2398","6731","140826"
"2401","7629","303122"
"2404","7632","110107"
"2408","6589","278402"
"2409","7487","300747"
"2410","755","28691"
"2411","1181","273053"
"2414","9582","297562"
"2416","1215","213175"
"2421","5787","115243"
"2427","5930","117695"
"2428","3941","150808"
"2430","1251","55348"
"2431","6001","118546"
"2434","745","268721"
"2443","6764","301434"
"2449","2744","258711"
"2455","7434","151377"
"2457","7270","41684"
"2460","7321","301318"
"2468","724","104470"
"2470","7567","201355"
"2473","5281","132027"
"2477","6797","239617"
"2485","7323","138285"
"2487","7325","138425"
"2498","7441","154108"
"2499","670","98629"
"2509","4741","259731"
"2514","2184","53165"
"2519","7368","301230"
"2521","7390","157784"
"2523","7444","106336"
"2526","5468","116827"
"2528","5474","119041"
"2530","5482","95296"
"2531","5641","227867"
"2532","6588","278371"
"2540","892","300896"
"2543","878","101617"
"2547","5207","273356"
"2554","641","263734"
"2555","668","97763"
"2558","884","44041"
"2560","7409","150071"
"2568","7446","153492"
"2576","5083","266956"
"2590","7326","45906"
"2592","7355","51538"
"2594","1845","230017"
"2598","7342","126987"
"2610","7389","301304"
"2613","346","12408"
"2615","623","256326"
"2626","5542","233831"
"2628","7344","132422"
"2633","1064","300955"
"2639","1244","264447"
"2640","5470","117099"
"2645","6002","118587"
"2646","6022","301397"
"2647","6023","301400"
"2651","6560","276742"
"2652","505","254957"
"2667","7348","301256"
"2671","7351","50852"
"2675","7353","51439"
"2682","7079","295520"
"2687","7144","146871"
"2693","7206","123542"
"2695","7596","159816"
"2699","759","21790"
"2714","6009","117408"
"2715","6088","96914"
"2721","698","35333"
"2722","802","301411"
"2725","963","221612"
"2732","1184","280891"
"2733","1186","50038"
"2739","325","11892"
"2741","344","14638"
"2749","1082","215851"
"2751","7639","114902"
"2752","630","259940"
"2764","4065","257334"
"2767","6508","176875"
"2768","3221","282922"
"2770","6663","302098"
"2776","1405","95454"
"2780","6725","141964"
"2781","6769","301470"
"2786","1743","272286"
"2800","3322","261354"
"2801","5788","115296"
"2802","3645","29290"
"2815","5744","115173"
"2816","5834","152966"
"2817","6587","182864"
"2826","1188","281155"
"2827","1189","50059"
"2831","1414","98534"
"2832","6544","273375"
"2834","6593","282582"
"2837","7022","76230"
"2848","2368","50108"
"2852","2373","281017"
"2859","5864","140419"
"2874","3806","149876"
"2875","5105","144314"
"2884","464","219729"
"2885","465","217313"
"2895","3445","96693"
"2896","3448","302582"
"2901","3963","42375"
"2903","7450","148649"
"2911","3303","59871"
"2914","7072","295440"
"2915","5802","119489"
"2917","7455","55126"
"2918","2327","266402"
"2920","4141","271639"
"2921","8977","188282"
"2923","8986","188706"
"2929","1363","277296"
"2930","1365","265626"
"2936","5763","301355"
"2942","1723","267170"
"2946","3074","263892"
"2949","5777","119763"
"2953","2223","140380"
"2967","5951","116115"
"2970","5967","142407"
"2973","6068","200863"
"2986","7367","51777"
"2998","2322","260221"
"3007","5907","115660"
"3010","5945","302087"
"3011","401","26893"
"3020","5948","116176"
"3021","5955","116150"
"3028","5944","115998"
"3032","5915","301439"
"3049","3748","236181"
"3068","8965","127316"
"3071","6847","150042"
"3081","8964","136738"
"3091","7574","297333"
"3096","7857","208121"
"3100","7697","113119"
"3120","8357","162147"
"3122","8382","124360"
"3125","8424","193284"
"3128","5638","115051"
"3129","8781","138049"
"3136","8386","121350"
"3140","8403","192711"
"3143","8421","193112"
"3166","8854","194997"
"3173","8313","301234"
"3195","8879","152297"
"3201","9168","128299"
"3212","7946","294281"
"3214","7976","157408"
"3231","9510","266536"
"3248","8007","301320"
"3249","8006","128530"
"3253","7752","81444"
"3259","7850","125795"
"3264","9721","177960"
"3267","2385","302984"
"3275","8462","195417"
"3282","1421","282033"
"3294","9601","174930"
"3309","8872","115507"
"3310","8348","161080"
"3314","8873","115504"
"3316","8928","125503"
"3318","1683","98969"
"3320","1684","301444"
"3321","7848","207292"
"3322","3141","142752"
"3324","7809","205825"
"3325","7665","109713"
"3329","7798","209606"
"3331","8087","279054"
"3334","8105","279213"
"3335","8241","126934"
"3339","8283","226540"
"3340","8384","132862"
"3341","8408","192768"
"3344","8290","161524"
"3346","7898","125932"
"3364","8963","301325"
"3365","8983","205315"
"3368","9061","192148"
"3379","8195","124699"
"3380","8311","283363"
"3381","8359","162293"
"3382","8471","193508"
"3385","8569","207358"
"3388","8852","301241"
"3395","8884","188591"
"3396","8888","190220"
"3398","8528","191687"
"3399","8692","279719"
"3400","9349","135695"
"3421","9367","92074"
"3427","9691","197535"
"3428","9445","295861"
"3430","9728","191411"
"3431","9705","195648"
"3434","7679","111334"
"3436","8961","301296"
"3437","8900","188962"
"3455","9693","197850"
"3458","9802","299845"
"3459","9865","193718"
"3472","342","13881"
"3474","7711","114624"
"3478","8020","300503"
"3486","2161","257224"
"3488","8845","195082"
"3490","7682","110449"
"3491","7688","203068"
"3493","7708","113940"
"3495","9076","138124"
"3496","9043","191076"
"3499","9067","299878"
"3524","7771","97186"
"3528","7649","107008"
"3529","7653","108232"
"3530","7654","108397"
"3534","8027","149911"
"3535","8070","301286"
"3557","8447","187779"
"3572","8305","130004"
"3577","8457","190728"
"3585","9688","196978"
"3588","9162","127562"
"3602","1261","55029"
"3604","7519","300411"
"3605","7672","109786"
"3608","9248","301267"
"3613","8068","133541"
"3615","8071","137132"
"3616","8074","199124"
"3620","10042","197883"
"3624","6462","237538"
"3634","7947","295791"
"3637","7881","258630"
"3642","7666","109732"
"3646","7959","299205"
"3652","7703","113615"
"3658","8202","128248"
"3667","7616","106864"
"3668","7647","295768"
"3676","8002","130219"
"3684","7802","210951"
"3696","9263","116921"
"3701","7587","159076"
"3703","7886","259201"
"3704","8576","188462"
"3708","8321","109739"
"3711","8641","188484"
"3723","6742","301414"
"3738","8203","301285"
"3747","7706","113760"
"3750","8920","123755"
"3754","8945","301323"
"3757","9066","299404"
"3760","1281","140349"
"3767","2302","142517"
"3772","1689","226153"
"3774","7619","107327"
"3777","7743","120007"
"3778","7744","120028"
"3787","5627","117236"
"3788","7691","205980"
"3798","8743","301349"
"3830","8082","267860"
"3831","7964","68389"
"3833","9687","196856"
"3844","7951","260643"
"3854","7579","202534"
"3855","7858","258466"
"3863","8295","281055"
"3871","8516","206756"
"3872","8691","134465"
"3880","4884","223088"
"3883","8205","129904"
"3897","8419","192963"
"3910","8993","302551"
"3926","8819","203409"
"3932","9401","188112"
"3940","9477","188777"
"3948","9848","184027"
"3951","7678","111042"
"3958","7670","294603"
"3967","8347","163161"
"3977","7949","297139"
"3983","1685","259927"
"4009","8979","156877"
"4025","967","68988"
"4029","5938","118493"
"4039","640","263582"
"4058","7452","202674"
"4062","5910","115681"
"4063","5912","143004"
"4064","5102","267500"
"4068","774","143142"
"4074","8464","191039"
"4087","8904","182501"
"4095","7945","210232"
"4100","506","254960"
"4103","6043","141623"
"4104","646","265275"
"4108","461","33818"
"4122","7024","78609"
"4124","7792","204361"
"4126","8566","194259"
"4127","8315","276793"
"4129","5663","273212"
"4159","7041","96511"
"4163","5849","140588"
"4167","7863","301437"
"4168","7565","245024"
"4193","8224","301530"
"4237","1741","267656"
"4238","1744","281983"
"4241","6728","142005"
"4263","5939","118486"
"4266","1221","222066"
"4344","5987","142187"
"4387","362","10871"
"4389","349","218937"
"4395","4767","265148"
"4398","6005","117437"
"4402","7504","294250"
"4405","753","281030"
"4410","1209","52592"
"4417","5205","272168"
"4434","2626","28376"
"4439","7514","299090"
"4446","1028","79292"
"4447","1036","258134"
"4449","1854","231953"
"4455","427","268742"
"4457","5741","115102"
"4461","5743","115157"
"4469","1212","52645"
"4470","1213","213506"
"4480","6596","265558"
"4481","6731","140837"
"4484","7629","296640"
"4487","7632","110100"
"4491","6589","278405"
"4492","7487","300747"
"4493","755","28558"
"4494","1181","273048"
"4499","1215","213220"
"4504","5787","115244"
"4510","5930","117687"
"4511","3941","150785"
"4513","1251","55340"
"4514","6001","118561"
"4517","745","268722"
"4526","6764","142627"
"4532","2744","258710"
"4540","7270","41685"
"4543","7321","134575"
"4551","724","104471"
"4553","7567","201327"
"4556","5281","132013"
"4560","6797","239626"
"4568","7323","138290"
"4570","7325","301344"
"4581","7441","154115"
"4592","4741","259712"
"4602","7368","301230"
"4604","7390","157783"
"4606","7444","106336"
"4609","5468","116833"
"4611","5474","119041"
"4613","5482","95316"
"4614","5641","227840"
"4615","6588","278373"
"4623","892","300896"
"4626","878","101674"
"4627","2789","234620"
"4638","668","97810"
"4641","884","44044"
"4643","7409","150063"
"4673","7326","45931"
"4675","7355","51533"
"4677","1845","229998"
"4681","7342","301275"
"4693","7389","301304"
"4696","346","12433"
"4709","5542","233830"
"4716","1064","80436"
"4722","1244","264445"
"4723","5470","117095"
"4728","6002","118583"
"4729","6022","141262"
"4730","6023","301400"
"4734","6560","276749"
"4735","505","254961"
"4754","7351","50844"
"4758","7353","51486"
"4765","7079","295535"
"4770","7144","146869"
"4776","7206","123545"
"4797","6009","117405"
"4798","6088","301028"
"4805","802","301411"
"4815","1184","280877"
"4816","1186","49969"
"4822","325","11789"
"4832","1082","215853"
"4834","7639","114899"
"4835","630","259944"
"4851","3221","282961"
"4853","6663","183630"
"4859","1405","95444"
"4863","6725","141939"
"4864","6769","301470"
"4869","1743","272289"
"4883","3322","261349"
"4884","5788","115298"
"4885","3645","29403"
"4898","5744","115174"
"4899","5834","152972"
"4910","1189","50064"
"4914","1414","98069"
"4915","6544","273380"
"4931","2368","50091"
"4935","2373","281018"
"4942","5864","140423"
"4958","5105","144316"
"4967","464","219371"
"4968","465","217322"
"4979","3448","216551"
"4984","3963","42347"
"4994","3303","59892"
"4997","7072","295447"
"4998","5802","119490"
"5000","7455","55184"
"5001","2327","266399"
"5004","8977","188294"
"5006","8986","188701"
"5012","1363","277502"
"5013","1365","265637"
"5019","5763","301355"
"5025","1723","267157"
"5032","5777","119756"
"5050","5951","116131"
"5053","5967","142410"
"5069","7367","51776"
"5081","2322","260212"
"5090","5907","115649"
"5093","5945","302087"
"5094","401","26912"
"5103","5948","116178"
"5104","5955","116155"
"5111","5944","115997"
"5151","8965","301276"
"5154","6847","150041"
"5164","8964","136735"
"5174","7574","297312"
"5183","7697","113118"
"5205","8382","124373"
"5208","8424","193252"
"5211","5638","301145"
"5212","8781","138046"
"5219","8386","121335"
"5223","8403","192715"
"5226","8421","193059"
"5249","8854","195011"
"5256","8313","301234"
"5278","8879","152291"
"5284","9168","128302"
"5297","7976","157410"
"5314","9510","266509"
"5331","8007","134996"
"5332","8006","301284"
"5336","7752","82252"
"5342","7850","125810"
"5347","9721","177961"
"5350","2385","302984"
"5358","8462","195415"
"5365","1421","282036"
"5377","9601","174936"
"5392","8872","115506"
"5393","8348","161090"
"5397","8873","115505"
"5399","8928","301265"
"5401","1683","99401"
"5403","1684","143146"
"5404","7848","207303"
"5405","3141","142753"
"5414","8087","279044"
"5418","8241","126935"
"5422","8283","226555"
"5423","8384","132866"
"5424","8408","192767"
"5427","8290","161526"
"5447","8963","136127"
"5451","9061","192142"
"5462","8195","301261"
"5463","8311","283342"
"5464","8359","162206"
"5465","8471","193509"
"5468","8569","207368"
"5471","8852","121728"
"5478","8884","188576"
"5481","8528","191688"
"5482","8692","279738"
"5483","9349","135693"
"5510","9691","197532"
"5511","9445","295847"
"5513","9728","191412"
"5519","8961","301296"
"5538","9693","197837"
"5541","9802","299839"
"5542","9865","193719"
"5555","342","13921"
"5557","7711","114625"
"5561","8020","300502"
"5569","2161","257223"
"5571","8845","195044"
"5573","7682","110448"
"5576","7708","113972"
"5578","9076","138133"
"5582","9067","299902"
"5607","7771","97269"
"5611","7649","107007"
"5612","7653","108231"
"5617","8027","149894"
"5618","8070","301286"
"5655","8305","129987"
"5660","8457","190625"
"5668","9688","196956"
"5671","9162","301277"
"5685","1261","55030"
"5687","7519","300349"
"5688","7672","109813"
"5691","9248","125738"
"5696","8068","301312"
"5698","8071","301334"
"5699","8074","199111"
"5703","10042","197890"
"5707","6462","237666"
"5717","7947","295792"
"5725","7666","109724"
"5729","7959","299188"
"5735","7703","113529"
"5741","8202","128253"
"5750","7616","106870"
"5751","7647","295772"
"5759","8002","130250"
"5779","9263","116921"
"5784","7587","159082"
"5787","8576","188461"
"5794","8641","188485"
"5806","6742","301414"
"5821","8203","128638"
"5830","7706","113846"
"5833","8920","123749"
"5837","8945","301323"
"5840","9066","299410"
"5843","1281","140352"
"5850","2302","142519"
"5855","1689","226146"
"5857","7619","107328"
"5860","7743","120031"
"5861","7744","120010"
"5870","5627","117248"
"5881","8743","301349"
"5914","7964","68241"
"5937","7579","202536"
"5938","7858","258458"
"5946","8295","281054"
"5954","8516","206788"
"5966","8205","129913"
"5980","8419","192962"
"5993","8993","302551"
"6009","8819","203410"
"6015","9401","188115"
"6023","9477","188788"
"6031","9848","184000"
"6034","7678","110970"
"6041","7670","294627"
"6050","8347","163155"
"6060","7949","297153"
"6066","1685","259926"
"6092","8979","156887"
"6108","967","68990"
"6112","5938","118504"
"6122","640","263585"
"6141","7452","202703"
"6145","5910","115685"
"6146","5912","143018"
"6147","5102","267506"
"6151","774","301443"
"6157","8464","191050"
"6170","8904","182502"
"6178","7945","210247"
"6186","6043","141620"
"6187","646","265263"
"6191","461","33825"
"6205","7024","78608"
"6207","7792","203989"
"6209","8566","194260"
"6210","8315","276825"
"6242","7041","96514"
"6246","5849","301370"
"6250","7863","301437"
"6276","8224","151029"
"6320","1741","267790"
"6321","1744","281981"
"6324","6728","301416"
"6346","5939","118474"
"6349","1221","222062"
"6427","5987","142179"
"6470","362","10819"
"6472","349","218923"
"6478","4767","265149"
"6485","7504","294254"
"6488","753","281031"
"6493","1209","52615"
"6500","5205","272173"
"6517","2626","300754"
"6529","1028","300948"
"6530","1036","258138"
"6532","1854","232012"
"6538","427","268760"
"6540","5741","115103"
"6544","5743","115148"
"6552","1212","52690"
"6553","1213","213602"
"6563","6596","265562"
"6564","6731","140840"
"6567","7629","296633"
"6570","7632","110095"
"6575","7487","300747"
"6577","1181","273088"
"6582","1215","213218"
"6587","5787","115233"
"6593","5930","117689"
"6596","1251","55329"
"6597","6001","118546"
"6609","6764","142598"
"6615","2744","258713"
"6623","7270","41686"
"6626","7321","301318"
"6634","724","104475"
"6636","7567","201383"
"6643","6797","239611"
"6651","7323","138270"
"6653","7325","301344"
"6664","7441","154127"
"6675","4741","259700"
"6685","7368","120468"
"6687","7390","157781"
"6692","5468","116835"
"6694","5474","119041"
"6696","5482","95355"
"6697","5641","227757"
"6698","6588","278365"
"6709","878","101619"
"6721","668","97798"
"6726","7409","150070"
"6756","7326","45935"
"6758","7355","51527"
"6760","1845","229999"
"6764","7342","127076"
"6776","7389","132270"
"6779","346","12431"
"6792","5542","233836"
"6799","1064","300955"
"6805","1244","264443"
"6806","5470","117097"
"6811","6002","118661"
"6812","6022","141264"
"6813","6023","301400"
"6817","6560","276738"
"6837","7351","50850"
"6841","7353","51430"
"6853","7144","146870"
"6859","7206","301251"
"6880","6009","117424"
"6881","6088","96911"
"6888","802","301411"
"6898","1184","280876"
"6899","1186","50025"
"6905","325","11814"
"6915","1082","215893"
"6917","7639","114895"
"6918","630","259948"
"6934","3221","282882"
"6936","6663","183628"
"6942","1405","95429"
"6946","6725","141963"
"6947","6769","301470"
"6966","3322","261347"
"6967","5788","115288"
"6968","3645","29312"
"6981","5744","115171"
"6982","5834","152953"
"6993","1189","50079"
"6997","1414","98073"
"6998","6544","273378"
"7014","2368","50106"
"7018","2373","281019"
"7025","5864","140430"
"7041","5105","144310"
"7050","464","219234"
"7051","465","217260"
"7062","3448","216552"
"7067","3963","42356"
"7080","7072","295442"
"7081","5802","119491"
"7083","7455","55095"
"7087","8977","188299"
"7089","8986","188703"
"7095","1363","277270"
"7096","1365","265638"
"7102","5763","301355"
"7108","1723","267171"
"7115","5777","119748"
"7133","5951","116118"
"7136","5967","142390"
"7152","7367","51866"
"7164","2322","260224"
"7173","5907","115650"
"7176","5945","302087"
"7186","5948","116180"
"7194","5944","116000"
"7234","8965","301276"
"7237","6847","150039"
"7257","7574","297336"
"7266","7697","113123"
"7288","8382","301258"
"7291","8424","193276"
"7294","5638","115071"
"7295","8781","138048"
"7302","8386","301238"
"7309","8421","193178"
"7332","8854","195002"
"7339","8313","301234"
"7361","8879","152292"
"7380","7976","157403"
"7397","9510","266518"
"7414","8007","135034"
"7415","8006","301284"
"7419","7752","300959"
"7430","9721","177962"
"7433","2385","282556"
"7441","8462","195402"
"7448","1421","282035"
"7475","8872","115504"
"7480","8873","115506"
"7482","8928","301265"
"7484","1683","98927"
"7486","1684","143151"
"7497","8087","279055"
"7501","8241","126933"
"7505","8283","226578"
"7507","8408","192769"
"7534","9061","192144"
"7545","8195","124698"
"7546","8311","283367"
"7548","8471","193510"
"7554","8852","121736"
"7564","8528","191689"
"7565","8692","279749"
"7566","9349","135700"
"7593","9691","197536"
"7594","9445","295871"
"7602","8961","301296"
"7621","9693","197865"
"7624","9802","299841"
"7625","9865","193720"
"7638","342","13963"
"7640","7711","114627"
"7644","8020","300509"
"7652","2161","257239"
"7654","8845","195041"
"7656","7682","110436"
"7659","7708","113938"
"7665","9067","299867"
"7690","7771","97278"
"7694","7649","107024"
"7695","7653","108229"
"7700","8027","149915"
"7701","8070","301286"
"7738","8305","130000"
"7743","8457","190646"
"7751","9688","196990"
"7754","9162","301277"
"7768","1261","55051"
"7770","7519","300374"
"7771","7672","109880"
"7774","9248","125706"
"7779","8068","301312"
"7786","10042","198047"
"7790","6462","237556"
"7800","7947","295793"
"7808","7666","109721"
"7812","7959","299195"
"7818","7703","113563"
"7824","8202","128249"
"7833","7616","106863"
"7834","7647","295769"
"7842","8002","130217"
"7862","9263","116921"
"7867","7587","159027"
"7877","8641","188486"
"7889","6742","301414"
"7913","7706","113761"
"7916","8920","301253"
"7920","8945","135751"
"7923","9066","299430"
"7926","1281","140357"
"7933","2302","142517"
"7938","1689","226185"
"7940","7619","107329"
"7943","7743","120020"
"7944","7744","120012"
"7953","5627","117258"
"7964","8743","301349"
"7997","7964","300915"
"8020","7579","202555"
"8037","8516","206757"
"8049","8205","129899"
"8063","8419","192951"
"8076","8993","302551"
"8092","8819","203403"
"8098","9401","188126"
"8106","9477","188789"
"8114","9848","184036"
"8124","7670","294623"
"8133","8347","163148"
"8143","7949","297151"
"8175","8979","156881"
"8191","967","68994"
"8195","5938","118502"
"8205","640","263585"
"8224","7452","202718"
"8228","5910","115689"
"8229","5912","143020"
"8230","5102","267501"
"8234","774","301443"
"8240","8464","191033"
"8253","8904","182503"
"8261","7945","210230"
"8269","6043","301404"
"8270","646","265309"
"8274","461","33804"
"8288","7024","78612"
"8290","7792","204237"
"8292","8566","194262"
"8293","8315","276792"
"8325","7041","96522"
"8329","5849","140587"
"8333","7863","301437"
"8359","8224","151082"
"8403","1741","267776"
"8404","1744","281964"
"8407","6728","301416"
"8429","5939","118495"
"8432","1221","222064"
"8510","5987","301423"
"8553","362","10826"
"8555","349","218925"
"8561","4767","265152"
"8568","7504","294235"
"8571","753","281041"
"8576","1209","52610"
"8600","2626","28354"
"8612","1028","79307"
"8613","1036","258139"
"8621","427","268746"
"8623","5741","115104"
"8627","5743","115153"
"8635","1212","52647"
"8636","1213","213500"
"8646","6596","265549"
"8647","6731","140839"
"8650","7629","296638"
"8653","7632","110103"
"8660","1181","273061"
"8665","1215","213203"
"8670","5787","115258"
"8676","5930","117700"
"8679","1251","55331"
"8680","6001","118546"
"8692","6764","142578"
"8698","2744","258706"
"8706","7270","41687"
"8709","7321","301318"
"8717","724","104476"
"8726","6797","239627"
"8734","7323","301343"
"8747","7441","154151"
"8768","7368","301230"
"8770","7390","157790"
"8775","5468","116837"
"8777","5474","119041"
"8781","6588","278369"
"8792","878","101568"
"8793","2789","234618"
"8804","668","97781"
"8809","7409","150080"
"8839","7326","45923"
"8841","7355","51545"
"8847","7342","127040"
"8859","7389","301304"
"8862","346","12569"
"8882","1064","80417"
"8889","5470","117096"
"8894","6002","118580"
"8895","6022","141266"
"8896","6023","141450"
"8900","6560","276739"
"8920","7351","50933"
"8924","7353","51457"
"8942","7206","301251"
"8964","6088","96938"
"8971","802","301411"
"8981","1184","280887"
"8982","1186","49966"
"8998","1082","215855"
"9001","630","259951"
"9017","3221","283209"
"9019","6663","183603"
"9025","1405","95422"
"9029","6725","141942"
"9030","6769","301470"
"9049","3322","261356"
"9050","5788","115293"
"9051","3645","29313"
"9064","5744","115172"
"9065","5834","152993"
"9076","1189","50083"
"9080","1414","98084"
"9097","2368","50114"
"9101","2373","281020"
"9108","5864","140431"
"9124","5105","144313"
"9133","464","219303"
"9134","465","217295"
"9145","3448","216556"
"9150","3963","42369"
"9164","5802","119492"
"9166","7455","55180"
"9167","2327","266398"
"9170","8977","188285"
"9178","1363","277470"
"9179","1365","265631"
"9185","5763","301355"
"9198","5777","119750"
"9216","5951","116143"
"9219","5967","301430"
"9235","7367","51778"
"9247","2322","260227"
"9256","5907","115651"
"9259","5945","302087"
"9269","5948","116189"
"9277","5944","115996"
"9317","8965","301276"
"9340","7574","297329"
"9371","8382","124405"
"9374","8424","193283"
"9378","8781","138052"
"9385","8386","121336"
"9415","8854","194984"
"9422","8313","120831"
"9444","8879","152293"
"9463","7976","157402"
"9480","9510","266514"
"9497","8007","135052"
"9498","8006","301284"
"9502","7752","81419"
"9513","9721","177963"
"9516","2385","282564"
"9524","8462","195412"
"9531","1421","282044"
"9558","8872","115503"
"9563","8873","115508"
"9565","8928","125517"
"9567","1683","99086"
"9569","1684","143153"
"9580","8087","279028"
"9588","8283","226544"
"9590","8408","192766"
"9617","9061","192136"
"9628","8195","124712"
"9629","8311","283341"
"9631","8471","193511"
"9637","8852","121739"
"9647","8528","191716"
"9648","8692","279729"
"9676","9691","197563"
"9677","9445","295873"
"9685","8961","301296"
"9704","9693","197846"
"9707","9802","299843"
"9708","9865","193721"
"9721","342","13937"
"9723","7711","114636"
"9727","8020","300510"
"9735","2161","257257"
"9737","8845","195115"
"9739","7682","110459"
"9742","7708","113990"
"9748","9067","299911"
"9773","7771","97281"
"9777","7649","107021"
"9778","7653","108233"
"9783","8027","149916"
"9821","8305","129988"
"9826","8457","190665"
"9834","9688","196969"
"9837","9162","127501"
"9851","1261","55057"
"9853","7519","300405"
"9854","7672","109770"
"9857","9248","125697"
"9862","8068","301312"
"9869","10042","197913"
"9873","6462","237546"
"9883","7947","295794"
"9891","7666","109718"
"9895","7959","299193"
"9907","8202","128254"
"9916","7616","106850"
"9925","8002","130205"
"9945","9263","116921"
"9950","7587","159093"
"9960","8641","188487"
"9972","6742","301414"
"9999","8920","123752"
"10003","8945","135752"
"10006","9066","299433"
"10009","1281","140362"
"10016","2302","142517"
"10023","7619","107330"
"10026","7743","120007"
"10027","7744","120057"
"10047","8743","301349"
"10080","7964","300915"
"10103","7579","202544"
"10120","8516","206751"
"10132","8205","129936"
"10146","8419","192957"
"10159","8993","302551"
"10175","8819","203402"
"10181","9401","188167"
"10189","9477","188828"
"10197","9848","184049"
"10207","7670","294665"
"10216","8347","163159"
"10258","8979","156918"
"10278","5938","118492"
"10288","640","263475"
"10311","5910","115693"
"10312","5912","143040"
"10313","5102","267502"
"10317","774","301443"
"10323","8464","191028"
"10336","8904","182504"
"10344","7945","210206"
"10353","646","265272"
"10357","461","33814"
"10373","7792","204252"
"10375","8566","194266"
"10376","8315","276791"
"10408","7041","96531"
"10412","5849","140591"
"10416","7863","301437"
"10442","8224","301530"
"10486","1741","267792"
"10487","1744","281971"
"10490","6728","142000"
"10593","5987","142189"
"10636","362","10891"
"10638","349","219098"
"10644","4767","265153"
"10651","7504","294234"
"10654","753","281040"
"10659","1209","52624"
"10683","2626","28350"
"10695","1028","79305"
"10696","1036","258140"
"10704","427","268733"
"10706","5741","115107"
"10710","5743","301147"
"10718","1212","52643"
"10729","6596","265570"
"10733","7629","296631"
"10736","7632","110105"
"10748","1215","213248"
"10753","5787","115224"
"10759","5930","117702"
"10762","1251","55333"
"10763","6001","118546"
"10775","6764","301434"
"10781","2744","258714"
"10789","7270","41689"
"10792","7321","301318"
"10800","724","104478"
"10809","6797","239691"
"10830","7441","154121"
"10851","7368","301230"
"10853","7390","157791"
"10858","5468","116849"
"10860","5474","119042"
"10875","878","101611"
"10887","668","97753"
"10892","7409","150065"
"10924","7355","51528"
"10942","7389","132287"
"10945","346","12574"
"10965","1064","300955"
"10972","5470","117102"
"10977","6002","118593"
"10978","6022","301397"
"10979","6023","141454"
"11007","7353","51418"
"11025","7206","301251"
"11047","6088","96935"
"11054","802","301411"
"11064","1184","280893"
"11081","1082","215847"
"11084","630","259956"
"11100","3221","282900"
"11112","6725","141947"
"11113","6769","144407"
"11132","3322","261348"
"11133","5788","115262"
"11147","5744","115175"
"11159","1189","50052"
"11163","1414","98093"
"11180","2368","50101"
"11184","2373","281021"
"11191","5864","140434"
"11216","464","219250"
"11217","465","217347"
"11228","3448","216558"
"11233","3963","42370"
"11247","5802","119495"
"11249","7455","55151"
"11250","2327","266418"
"11253","8977","188286"
"11261","1363","277358"
"11262","1365","265625"
"11268","5763","139881"
"11281","5777","119754"
"11299","5951","116144"
"11302","5967","142415"
"11318","7367","51855"
"11330","2322","260208"
"11339","5907","115652"
"11342","5945","302087"
"11352","5948","116190"
"11360","5944","115969"
"11400","8965","127212"
"11423","7574","297334"
"11457","8424","193250"
"11461","8781","138047"
"11468","8386","121330"
"11498","8854","195001"
"11505","8313","301234"
"11527","8879","152270"
"11546","7976","157411"
"11563","9510","266521"
"11581","8006","128528"
"11596","9721","177966"
"11599","2385","282557"
"11607","8462","195410"
"11614","1421","282041"
"11641","8872","115511"
"11648","8928","301265"
"11650","1683","99253"
"11652","1684","301444"
"11671","8283","226582"
"11673","8408","192772"
"11700","9061","192135"
"11711","8195","301261"
"11712","8311","283361"
"11714","8471","193512"
"11720","8852","121741"
"11730","8528","191694"
"11731","8692","279772"
"11759","9691","197547"
"11760","9445","295875"
"11787","9693","197840"
"11791","9865","193722"
"11806","7711","114655"
"11810","8020","300515"
"11818","2161","257236"
"11820","8845","195114"
"11822","7682","110439"
"11825","7708","114019"
"11831","9067","299874"
"11856","7771","97320"
"11861","7653","108224"
"11866","8027","149891"
"11904","8305","129989"
"11909","8457","190746"
"11917","9688","196968"
"11920","9162","127495"
"11934","1261","55056"
"11936","7519","300365"
"11937","7672","109777"
"11940","9248","125725"
"11945","8068","301312"
"11952","10042","198021"
"11956","6462","237544"
"11966","7947","295795"
"11974","7666","109722"
"11990","8202","128252"
"12028","9263","116921"
"12033","7587","159099"
"12055","6742","301414"
"12082","8920","123791"
"12086","8945","301323"
"12089","9066","299432"
"12092","1281","140349"
"12099","2302","142541"
"12106","7619","107331"
"12109","7743","120098"
"12110","7744","120019"
"12130","8743","139230"
"12163","7964","300915"
"12186","7579","202566"
"12203","8516","207033"
"12215","8205","129909"
"12229","8419","192959"
"12258","8819","203407"
"12264","9401","188181"
"12272","9477","188785"
"12280","9848","184053"
"12290","7670","294630"
"12299","8347","163139"
"12341","8979","157035"
"12361","5938","118479"
"12371","640","263543"
"12394","5910","115682"
"12395","5912","143030"
"12396","5102","267504"
"12400","774","301443"
"12406","8464","191029"
"12427","7945","210220"
"12436","646","265315"
"12440","461","33839"
"12456","7792","204359"
"12458","8566","194276"
"12459","8315","276782"
"12495","5849","301370"
"12499","7863","142871"
"12525","8224","301530"
"12570","1744","281979"
"12573","6728","301416"
"12676","5987","142191"
"12719","362","10889"
"12721","349","218944"
"12727","4767","265154"
"12737","753","281033"
"12742","1209","52631"
"12778","1028","79303"
"12779","1036","258141"
"12787","427","268749"
"12789","5741","115108"
"12793","5743","115141"
"12801","1212","52918"
"12816","7629","296673"
"12819","7632","110101"
"12831","1215","213252"
"12836","5787","115249"
"12842","5930","117694"
"12846","6001","118546"
"12858","6764","142570"
"12864","2744","258709"
"12872","7270","41692"
"12875","7321","134592"
"12883","724","104492"
"12892","6797","239605"
"12913","7441","154160"
"12934","7368","301230"
"12936","7390","157786"
"12941","5468","116821"
"12943","5474","119041"
"12958","878","101641"
"12959","2789","234617"
"12975","7409","150061"
"13007","7355","51529"
"13025","7389","132271"
"13055","5470","117107"
"13060","6002","118576"
"13061","6022","301397"
"13062","6023","301400"
"13090","7353","51428"
"13108","7206","301251"
"13130","6088","96960"
"13137","802","301411"
"13147","1184","280869"
"13164","1082","215846"
"13167","630","259978"
"13183","3221","282927"
"13195","6725","141940"
"13196","6769","301470"
"13215","3322","261346"
"13242","1189","50077"
"13246","1414","98097"
"13263","2368","50093"
"13267","2373","281022"
"13274","5864","301366"
"13299","464","219375"
"13300","465","217316"
"13311","3448","216613"
"13316","3963","42366"
"13330","5802","119498"
"13332","7455","55155"
"13333","2327","266414"
"13336","8977","188287"
"13344","1363","277642"
"13345","1365","265641"
"13351","5763","139878"
"13364","5777","119744"
"13382","5951","116114"
"13385","5967","142408"
"13422","5907","115672"
"13425","5945","302087"
"13435","5948","116191"
"13443","5944","115972"
"13483","8965","127246"
"13544","8781","138051"
"13551","8386","301238"
"13588","8313","120830"
"13610","8879","152307"
"13629","7976","301602"
"13646","9510","266508"
"13679","9721","177968"
"13682","2385","282563"
"13690","8462","195406"
"13697","1421","282031"
"13724","8872","115512"
"13731","8928","301265"
"13733","1683","98938"
"13754","8283","226649"
"13756","8408","192773"
"13783","9061","192143"
"13794","8195","301261"
"13795","8311","283317"
"13797","8471","193513"
"13803","8852","301241"
"13813","8528","191695"
"13814","8692","279725"
"13843","9445","295858"
"13870","9693","197836"
"13893","8020","300514"
"13901","2161","257259"
"13903","8845","195053"
"13908","7708","114163"
"13914","9067","299881"
"13939","7771","97343"
"13944","7653","108225"
"13949","8027","149897"
"13987","8305","130002"
"13992","8457","190652"
"14003","9162","127492"
"14023","9248","125704"
"14035","10042","198074"
"14039","6462","237552"
"14049","7947","295796"
"14057","7666","109731"
"14073","8202","128250"
"14111","9263","116921"
"14138","6742","301414"
"14169","8945","301323"
"14172","9066","299393"
"14175","1281","301362"
"14182","2302","142562"
"14189","7619","107333"
"14192","7743","120007"
"14193","7744","120025"
"14246","7964","300915"
"14286","8516","206769"
"14312","8419","193011"
"14341","8819","203405"
"14347","9401","188210"
"14355","9477","188778"
"14363","9848","184056"
"14373","7670","294636"
"14382","8347","163134"
"14424","8979","157047"
"14444","5938","118467"
"14477","5910","115688"
"14478","5912","143055"
"14479","5102","267505"
"14483","774","301443"
"14489","8464","191031"
"14510","7945","210210"
"14519","646","265306"
"14523","461","33791"
"14539","7792","204062"
"14542","8315","276802"
"14578","5849","301370"
"14582","7863","301437"
"14653","1744","281993"
"14759","5987","301423"
"14804","349","218967"
"14810","4767","265151"
"14820","753","281045"
"14825","1209","52593"
"14861","1028","79293"
"14862","1036","258145"
"14870","427","268735"
"14872","5741","115115"
"14884","1212","52653"
"14899","7629","296639"
"14902","7632","110099"
"14914","1215","213182"
"14919","5787","115217"
"14925","5930","117683"
"14929","6001","118546"
"14947","2744","258708"
"14955","7270","41694"
"14958","7321","301318"
"14966","724","104461"
"14975","6797","239771"
"14996","7441","154149"
"15026","5474","119041"
"15058","7409","150076"
"15090","7355","51539"
"15108","7389","301304"
"15138","5470","117106"
"15143","6002","118579"
"15144","6022","141272"
"15145","6023","301400"
"15173","7353","51437"
"15191","7206","301251"
"15213","6088","96912"
"15220","802","301411"
"15247","1082","215850"
"15266","3221","283179"
"15279","6769","144410"
"15298","3322","261358"
"15325","1189","50054"
"15329","1414","98100"
"15346","2368","50094"
"15350","2373","281024"
"15382","464","219660"
"15383","465","217291"
"15394","3448","216569"
"15399","3963","42358"
"15413","5802","119499"
"15416","2327","266407"
"15419","8977","188288"
"15427","1363","277339"
"15428","1365","265627"
"15434","5763","139894"
"15447","5777","119758"
"15465","5951","116134"
"15505","5907","115654"
"15518","5948","116192"
"15566","8965","127306"
"15627","8781","138045"
"15634","8386","121348"
"15671","8313","301234"
"15693","8879","152300"
"15712","7976","157406"
"15729","9510","266511"
"15762","9721","177970"
"15765","2385","282581"
"15773","8462","195413"
"15780","1421","282037"
"15816","1683","98955"
"15837","8283","226578"
"15866","9061","192139"
"15877","8195","301261"
"15880","8471","193514"
"15886","8852","121733"
"15896","8528","191712"
"15926","9445","295859"
"15953","9693","197833"
"15976","8020","300511"
"15986","8845","195111"
"15997","9067","299875"
"16022","7771","97538"
"16027","7653","108243"
"16032","8027","149923"
"16075","8457","190668"
"16086","9162","127491"
"16106","9248","125705"
"16122","6462","237824"
"16132","7947","295797"
"16140","7666","109720"
"16156","8202","128251"
"16194","9263","117037"
"16221","6742","301414"
"16252","8945","135756"
"16255","9066","299385"
"16258","1281","301362"
"16265","2302","142519"
"16272","7619","107334"
"16275","7743","120008"
"16276","7744","120029"
"16329","7964","300915"
"16369","8516","206754"
"16395","8419","192946"
"16430","9401","188214"
"16438","9477","188787"
"16446","9848","184059"
"16456","7670","294633"
"16465","8347","163119"
"16527","5938","118480"
"16560","5910","115678"
"16561","5912","143063"
"16566","774","301443"
"16572","8464","191038"
"16593","7945","210193"
"16602","646","265351"
"16606","461","33852"
"16622","7792","203963"
"16625","8315","276798"
"16661","5849","140585"
"16665","7863","301437"
"16736","1744","281892"
"16842","5987","142200"
"16887","349","218966"
"16893","4767","265156"
"16903","753","281032"
"16908","1209","52599"
"16944","1028","79290"
"16945","1036","258146"
"16953","427","268737"
"16955","5741","115111"
"16967","1212","52649"
"16997","1215","213247"
"17002","5787","115228"
"17012","6001","118546"
"17038","7270","41700"
"17041","7321","134583"
"17049","724","104469"
"17058","6797","239696"
"17079","7441","154143"
"17109","5474","119056"
"17125","2789","234614"
"17173","7355","51536"
"17191","7389","132286"
"17221","5470","117101"
"17226","6002","118594"
"17227","6022","301397"
"17228","6023","301400"
"17256","7353","51417"
"17274","7206","123550"
"17303","802","301411"
"17330","1082","215902"
"17349","3221","282899"
"17362","6769","301470"
"17381","3322","261353"
"17408","1189","50053"
"17412","1414","98135"
"17429","2368","50105"
"17433","2373","281025"
"17465","464","219494"
"17466","465","217320"
"17477","3448","216635"
"17482","3963","42346"
"17496","5802","119500"
"17502","8977","188291"
"17510","1363","277284"
"17511","1365","265632"
"17517","5763","301355"
"17530","5777","119810"
"17548","5951","116116"
"17588","5907","115669"
"17649","8965","301276"
"17845","9721","177971"
"17848","2385","282567"
"17856","8462","195407"
"17863","1421","282038"
"17899","1683","99261"
"17920","8283","226572"
"17960","8195","301261"
"17963","8471","193515"
"17969","8852","301241"
"17979","8528","191693"
"18036","9693","197864"
"18069","8845","195054"
"18080","9067","299884"
"18105","7771","97682"
"18110","7653","108222"
"18115","8027","149904"
"18158","8457","190640"
"18169","9162","127503"
"18189","9248","125723"
"18205","6462","237555"
"18215","7947","295798"
"18223","7666","109727"
"18277","9263","116921"
"18304","6742","301414"
"18341","1281","140349"
"18348","2302","142563"
"18355","7619","107337"
"18358","7743","120026"
"18359","7744","120027"
"18412","7964","300915"
"18452","8516","207018"
"18478","8419","192966"
"18513","9401","188218"
"18529","9848","184060"
"18539","7670","294609"
"18548","8347","163129"
"18610","5938","118482"
"18643","5910","115684"
"18644","5912","143023"
"18655","8464","191051"
"18676","7945","210224"
"18685","646","265329"
"18689","461","33825"
"18705","7792","204074"
"18708","8315","276789"
"18744","5849","301370"
"18748","7863","142813"
"18819","1744","281978"
"18925","5987","301423"
"18970","349","218953"
"18976","4767","265157"
"18986","753","281035"
"18991","1209","52600"
"19027","1028","300948"
"19028","1036","258147"
"19036","427","268751"
"19038","5741","115116"
"19050","1212","52646"
"19080","1215","213243"
"19085","5787","115237"
"19095","6001","118549"
"19132","724","104474"
"19141","6797","239616"
"19162","7441","154105"
"19192","5474","119060"
"19256","7355","51537"
"19274","7389","132279"
"19304","5470","117110"
"19309","6002","118595"
"19310","6022","141306"
"19311","6023","301400"
"19339","7353","51446"
"19357","7206","123561"
"19386","802","301411"
"19413","1082","215856"
"19432","3221","282905"
"19445","6769","301470"
"19464","3322","261351"
"19491","1189","50066"
"19495","1414","98157"
"19512","2368","50119"
"19548","464","219255"
"19549","465","217344"
"19560","3448","216586"
"19565","3963","42384"
"19579","5802","119502"
"19593","1363","277322"
"19594","1365","265615"
"19600","5763","301355"
"19613","5777","119760"
"19631","5951","116117"
"19732","8965","301276"
"19931","2385","282558"
"19939","8462","195401"
"19946","1421","282050"
"19982","1683","99047"
"20003","8283","226575"
"20046","8471","193516"
"20052","8852","121745"
"20062","8528","191744"
"20152","8845","195061"
"20163","9067","299861"
"20188","7771","97688"
"20193","7653","108240"
"20198","8027","149928"
"20241","8457","190664"
"20252","9162","127494"
"20288","6462","237592"
"20298","7947","295799"
"20306","7666","109726"
"20360","9263","116921"
"20424","1281","140350"
"20431","2302","142517"
"20438","7619","107340"
"20441","7743","120062"
"20442","7744","120024"
"20495","7964","300915"
"20535","8516","206766"
"20561","8419","192952"
"20596","9401","188219"
"20612","9848","184066"
"20622","7670","303108"
"20631","8347","163170"
"20693","5938","118510"
"20726","5910","115696"
"20727","5912","143061"
"20738","8464","191032"
"20759","7945","210236"
"20772","461","33877"
"20788","7792","204314"
"20791","8315","276787"
"20831","7863","301437"
"20902","1744","281989"
"21008","5987","301423"
"21053","349","218984"
"21059","4767","265158"
"21074","1209","52622"
"21110","1028","79300"
"21111","1036","258148"
"21119","427","268738"
"21133","1212","52664"
"21178","6001","118546"
"21215","724","104480"
"21224","6797","239667"
"21245","7441","154147"
"21273","5468","116823"
"21275","5474","119043"
"21339","7355","51526"
"21357","7389","132275"
"21387","5470","117109"
"21392","6002","118597"
"21393","6022","141300"
"21440","7206","301251"
"21469","802","141820"
"21496","1082","215857"
"21528","6769","301470"
"21574","1189","50069"
"21578","1414","98162"
"21631","464","219256"
"21632","465","217732"
"21643","3448","216593"
"21648","3963","42385"
"21676","1363","277291"
"21677","1365","265619"
"21683","5763","139858"
"21696","5777","119762"
"21714","5951","116122"
"22014","2385","282560"
"22029","1421","282040"
"22065","1683","98957"
"22086","8283","226541"
"22129","8471","193517"
"22135","8852","301241"
"22145","8528","191701"
"22246","9067","299914"
"22271","7771","97533"
"22276","7653","108236"
"22281","8027","149927"
"22324","8457","190642"
"22371","6462","237549"
"22381","7947","295800"
"22389","7666","109725"
"22443","9263","117020"
"22507","1281","140363"
"22514","2302","142517"
"22521","7619","107343"
"22524","7743","120032"
"22525","7744","120081"
"22578","7964","300915"
"22618","8516","206951"
"22644","8419","192953"
"22679","9401","188224"
"22695","9848","184057"
"22705","7670","303108"
"22714","8347","163156"
"22776","5938","118511"
"22810","5912","143041"
"22821","8464","191027"
"22842","7945","210235"
"22855","461","33892"
"22871","7792","204616"
"22874","8315","276829"
"22985","1744","281991"
"23091","5987","142190"
"23136","349","219027"
"23157","1209","52606"
"23193","1028","300948"
"23194","1036","258150"
"23216","1212","52665"
"23261","6001","118546"
"23298","724","104481"
"23307","6797","239730"
"23328","7441","154131"
"23356","5468","116880"
"23358","5474","119041"
"23422","7355","51557"
"23440","7389","132290"
"23470","5470","117094"
"23475","6002","118631"
"23476","6022","141275"
"23552","802","301411"
"23579","1082","215890"
"23611","6769","301470"
"23657","1189","50061"
"23661","1414","98129"
"23714","464","219258"
"23715","465","217325"
"23726","3448","216595"
"23731","3963","42388"
"23759","1363","277238"
"23760","1365","265630"
"23766","5763","139885"
"23797","5951","116124"
"24097","2385","302984"
"24148","1683","98946"
"24169","8283","226555"
"24218","8852","301241"
"24228","8528","191727"
"24329","9067","299897"
"24354","7771","97593"
"24364","8027","149926"
"24407","8457","190666"
"24454","6462","237533"
"24464","7947","295801"
"24472","7666","109730"
"24526","9263","116921"
"24597","2302","142517"
"24604","7619","107344"
"24607","7743","120107"
"24608","7744","120049"
"24661","7964","300915"
"24701","8516","206781"
"24727","8419","192956"
"24762","9401","188230"
"24778","9848","184044"
"24797","8347","163133"
"24859","5938","118484"
"24893","5912","143050"
"24904","8464","191055"
"24925","7945","210229"
"24938","461","33823"
"24954","7792","204134"
"24957","8315","276800"
"25068","1744","281930"
"25174","5987","142181"
"25219","349","218952"
"25276","1028","79366"
"25277","1036","258151"
"25299","1212","52651"
"25344","6001","118569"
"25381","724","104482"
"25390","6797","239787"
"25439","5468","116829"
"25441","5474","119041"
"25523","7389","132277"
"25553","5470","117100"
"25559","6022","141284"
"25635","802","141794"
"25662","1082","215865"
"25694","6769","301470"
"25740","1189","50071"
"25744","1414","98120"
"25797","464","219468"
"25798","465","217279"
"25809","3448","216630"
"25814","3963","42373"
"25843","1365","265622"
"25849","5763","139869"
"25880","5951","116120"
"26180","2385","282566"
"26231","1683","98961"
"26252","8283","226616"
"26301","8852","121730"
"26311","8528","191704"
"26412","9067","300130"
"26437","7771","97613"
"26490","8457","190634"
"26547","7947","295802"
"26555","7666","109723"
"26609","9263","116921"
"26680","2302","142517"
"26687","7619","107345"
"26691","7744","120105"
"26744","7964","300915"
"26784","8516","206786"
"26810","8419","192945"
"26845","9401","188231"
"26861","9848","184024"
"26880","8347","163131"
"26942","5938","118488"
"26976","5912","143042"
"26987","8464","191053"
"27008","7945","210202"
"27021","461","33805"
"27037","7792","203960"
"27040","8315","276801"
"27257","5987","301423"
"27302","349","218939"
"27359","1028","300948"
"27360","1036","258152"
"27382","1212","52694"
"27427","6001","118549"
"27464","724","104498"
"27473","6797","239724"
"27522","5468","116842"
"27524","5474","119059"
"27606","7389","132274"
"27636","5470","117104"
"27642","6022","141286"
"27718","802","141815"
"27745","1082","215864"
"27777","6769","144426"
"27823","1189","50065"
"27827","1414","98159"
"27880","464","219374"
"27881","465","217301"
"27892","3448","216654"
"27897","3963","42344"
"27926","1365","265621"
"27932","5763","301355"
"27963","5951","116119"
"28314","1683","99125"
"28335","8283","226577"
"28394","8528","191705"
"28495","9067","299899"
"28520","7771","97668"
"28573","8457","190629"
"28630","7947","295803"
"28638","7666","109719"
"28692","9263","117016"
"28763","2302","142517"
"28770","7619","107347"
"28774","7744","120106"
"28827","7964","300915"
"28867","8516","206792"
"28893","8419","192965"
"28928","9401","188240"
"28944","9848","183992"
"28963","8347","163163"
"29025","5938","118507"
"29059","5912","143049"
"29070","8464","191037"
"29104","461","33885"
"29120","7792","204165"
"29123","8315","276786"
"29340","5987","301423"
"29385","349","218945"
"29443","1036","258144"
"29465","1212","52652"
"29510","6001","118546"
"29547","724","104499"
"29556","6797","239726"
"29607","5474","119041"
"29689","7389","301304"
"29719","5470","117093"
"29725","6022","141320"
"29828","1082","215849"
"29860","6769","301470"
"29906","1189","50086"
"29910","1414","98149"
"29963","464","219373"
"29964","465","217424"
"29975","3448","216648"
"29980","3963","42351"
"30009","1365","265616"
"30015","5763","301355"
"30046","5951","116133"
"30397","1683","98968"
"30418","8283","226545"
"30477","8528","191697"
"30578","9067","299910"
"30603","7771","301030"
"30656","8457","190627"
"30713","7947","295804"
"30775","9263","117009"
"30846","2302","142517"
"30853","7619","107362"
"30857","7744","120108"
"30910","7964","300915"
"30950","8516","206793"
"30976","8419","192961"
"31011","9401","188241"
"31046","8347","163153"
"31108","5938","118487"
"31142","5912","143033"
"31153","8464","191035"
"31187","461","33861"
"31203","7792","204068"
"31206","8315","276796"
"31468","349","218918"
"31526","1036","258154"
"31548","1212","52650"
"31593","6001","118562"
"31639","6797","239616"
"31690","5474","119041"
"31772","7389","132284"
"31802","5470","117098"
"31808","6022","141290"
"31943","6769","301470"
"31989","1189","50068"
"31993","1414","98176"
"32046","464","219591"
"32047","465","217300"
"32058","3448","216614"
"32063","3963","42352"
"32098","5763","301355"
"32129","5951","116123"
"32480","1683","98967"
"32501","8283","226579"
"32560","8528","191709"
"32661","9067","299865"
"32686","7771","97659"
"32739","8457","190667"
"32796","7947","295805"
"32858","9263","116968"
"32929","2302","142564"
"32936","7619","107364"
"32940","7744","120109"
"33033","8516","206963"
"33094","9401","188244"
"33129","8347","163136"
"33191","5938","118490"
"33225","5912","143062"
"33286","7792","204077"
"33551","349","219141"
"33609","1036","258155"
"33631","1212","52870"
"33676","6001","118546"
"33722","6797","239720"
"33773","5474","119057"
"33885","5470","117108"
"34026","6769","301470"
"34072","1189","50072"
"34076","1414","98104"
"34129","464","219372"
"34130","465","217328"
"34141","3448","216622"
"34146","3963","42359"
"34181","5763","139887"
"34212","5951","116125"
"34563","1683","99005"
"34584","8283","226538"
"34643","8528","191723"
"34744","9067","299891"
"34769","7771","97569"
"34822","8457","190660"
"34879","7947","295807"
"35012","2302","142517"
"35023","7744","120110"
"35116","8516","206992"
"35177","9401","188251"
"35212","8347","163128"
"35274","5938","118508"
"35308","5912","143016"
"35369","7792","204518"
"35692","1036","258184"
"35714","1212","52835"
"35759","6001","118546"
"35805","6797","239700"
"35856","5474","119061"
"36109","6769","301470"
"36155","1189","50049"
"36159","1414","98145"
"36212","464","219376"
"36213","465","217288"
"36224","3448","216623"
"36229","3963","42360"
"36264","5763","139892"
"36295","5951","116126"
"36646","1683","98917"
"36667","8283","226583"
"36726","8528","191699"
"36827","9067","299888"
"36852","7771","301030"
"36905","8457","190673"
"36962","7947","295813"
"37095","2302","142517"
"37199","8516","206943"
"37295","8347","163127"
"37357","5938","118485"
"37391","5912","143011"
"37775","1036","258167"
"37797","1212","52768"
"37842","6001","118558"
"37888","6797","239763"
"37939","5474","119041"
"38192","6769","301470"
"38242","1414","98161"
"38295","464","219452"
"38296","465","217795"
"38307","3448","216548"
"38312","3963","42367"
"38347","5763","301355"
"38378","5951","116127"
"38729","1683","98995"
"38809","8528","191700"
"38910","9067","299876"
"38935","7771","97687"
"39178","2302","142517"
"39282","8516","206944"
"39378","8347","163138"
"39440","5938","118471"
"39474","5912","143051"
"39858","1036","258149"
"39880","1212","52855"
"39925","6001","118546"
"39971","6797","239766"
"40022","5474","119041"
"40275","6769","301470"
"40325","1414","98144"
"40378","464","219481"
"40379","465","217306"
"40390","3448","216727"
"40395","3963","42373"
"40430","5763","301355"
"40461","5951","116128"
"40812","1683","98991"
"40892","8528","191702"
"40993","9067","299909"
"41018","7771","97414"
"41261","2302","142517"
"41365","8516","207004"
"41557","5912","143046"
"41666","6928","158952"
"41667","6841","116847"
"41683","10287","20320"
"41687","7732","241281"
"41688","7732","241249"
"41689","7732","302681"
"41690","7732","241276"
"41691","7732","241263"
"41692","7732","241255"
"41693","7732","241352"
"41694","7732","302681"
"41695","7732","241259"
"41696","7732","302681"
"41697","7732","302681"
"41698","7732","302681"
"41699","7732","241446"
"41700","7732","302681"
"41701","8949","161736"
"41702","8766","161889"
"41709","9322","159071"
"41710","6581","276864"
"41711","6581","277147"
"41712","6581","276878"
"41713","6581","276866"
"41714","6581","277173"
"41721","308","254617"
"41722","309","254614"
"41723","9662","183446"
"41724","9662","183433"
"41725","9662","183434"
"41726","9662","183426"
"41727","9662","183436"
"41728","9662","183431"
"41729","9662","183432"
"41730","9662","183467"
"41731","9662","183507"
"41732","9662","183407"
"41734","6744","142099"
"41735","6744","142110"
"41736","6744","301419"
"41737","6744","142108"
"41738","6744","142105"
"41739","6744","142126"
"41740","6744","301419"
"41741","6744","142104"
"41742","6744","142111"
"41743","6744","301419"
"41744","6744","301419"
"41745","6744","301419"
"41746","6744","142114"
"41747","6744","301419"
"41748","6744","301419"
"41749","9864","302693"
"41750","9864","302693"
"41751","9864","302693"
"41752","9864","302693"
"41753","9864","302693"
"41754","8296","281641"
"41755","8296","281623"
"41756","3752","8523"
"41757","3752","7970"
"41758","5768","139920"
"41759","5768","139918"
"41760","5768","139919"
"41761","5768","139922"
"41762","5768","139939"
"41763","5768","139940"
"41764","5768","139924"
"41765","5768","139923"
"41766","5768","139949"
"41767","5768","139943"
"41768","5768","139953"
"41769","5768","139938"
"41770","5768","139925"
"41771","5768","139945"
"41772","5768","139926"
"41773","5768","139950"
"41774","5768","139944"
"41775","5768","139948"
"41776","5768","139942"
"41777","5768","139929"
"41778","5768","139930"
"41779","5768","139928"
"41780","5768","139955"
"41781","5768","139931"
"41782","5768","139932"
"41783","5768","139921"
"41784","655","265743"
"41785","655","265744"
"41786","655","265745"
"41792","5960","301167"
"41793","5960","116332"
"41794","5960","301167"
"41795","5960","116322"
"41796","5960","116331"
"41797","5960","301167"
"41798","5960","116346"
"41799","5960","116374"
"41800","5960","116329"
"41801","5960","116318"
"41802","5960","116330"
"41803","5960","116361"
"41804","5960","116316"
"41805","5960","116315"
"41806","5960","116323"
"41807","5960","301167"
"41808","5960","116339"
"41853","2681","100491"
"41854","2681","100490"
"41855","2681","100493"
"41856","2681","100494"
"41857","2681","100492"
"41858","2681","100501"
"41859","2681","100500"
"41860","2681","100499"
"41861","2681","100504"
"41862","2681","100505"
"41863","2681","100508"
"41864","2681","100510"
"41865","2681","100509"
"41866","2681","100507"
"41867","2681","100582"
"41868","2681","100513"
"41869","2681","100517"
"41870","2681","100515"
"41871","2681","100514"
"41872","2681","100518"
"41873","2681","100521"
"41874","2681","100519"
"41875","2681","100520"
"41876","2681","100523"
"41877","2681","100524"
"41878","2681","100538"
"41879","2681","100544"
"41880","2681","100534"
"41881","2681","100525"
"41882","2681","100546"
"41883","2681","100560"
"41884","2681","100558"
"41885","2681","100594"
"41886","2681","100568"
"41887","2681","100564"
"41888","2681","100610"
"41889","2681","100606"
"41890","2681","100609"
"41891","2681","100613"
"41892","2681","100607"
"41893","2681","100614"
"41894","2681","100616"
"41895","2681","100615"
"41896","2681","100572"
"41897","2681","100570"
"41898","2681","100598"
"41899","2681","100604"
"41900","2681","100600"
"41901","2681","100605"
"41902","2681","100601"
"41903","6766","102424"
"41904","6766","301047"
"41905","6766","102357"
"41906","6766","102456"
"41907","6766","301047"
"41908","6766","102375"
"41909","6766","102435"
"41910","6766","301047"
"41911","6766","102418"
"41912","6766","102432"
"41913","6766","102362"
"41914","6766","102359"
"41915","6766","102396"
"41916","6766","102415"
"41917","6766","102370"
"41918","6766","102506"
"41919","6766","301047"
"41920","6766","102437"
"41921","6766","102415"
"41922","6766","102364"
"41923","6766","102540"
"41924","6766","102402"
"41925","6766","102583"
"41926","6766","102397"
"41927","6766","102544"
"41928","6766","102373"
"41929","6766","102492"
"41930","6766","102403"
"41931","6766","102374"
"41932","6766","102447"
"41933","6766","102406"
"41996","6735","301392"
"41997","6761","301394"
"42073","6721","301408"
"42074","6721","301408"
"42075","6721","141698"
"42076","6721","301408"
"42077","6081","301407"
"42078","6081","301407"
"42079","6081","301407"
"42080","10295","251439"
"42100","7950","84206"
"42101","7950","84257"
"42102","9037","93327"
"42103","9037","93332"
"42104","9037","93308"
"42105","9037","93338"
"42106","9037","93348"
"42107","9037","93354"
"42108","7366","139256"
"42109","7366","139285"
"42110","7366","139265"
"42111","7366","139282"
"42112","7366","139277"
"42113","7366","139290"
"42114","7366","139276"
"42115","7366","139263"
"42116","7366","139278"
"42117","7366","139274"
"42118","7366","139294"
"42119","7366","139327"
"42120","7366","139267"
"42139","10301","243313"
"42140","10301","243461"
"42141","10301","243321"
"42142","10301","243315"
"42143","10301","243334"
"42144","10301","243366"
"42145","10301","243337"
"42146","10301","243359"
"42147","10301","243502"
"42148","10301","243673"
"42149","10301","243390"
"42150","10301","243413"
"42151","9064","87187"
"42152","9064","87172"
"42153","9064","87186"
"42154","9064","87191"
"42155","9064","87185"
"42159","8093","89367"
"42160","8093","89344"
"42161","7971","89467"
"42162","7971","89462"
"42163","7971","89481"
"42164","7971","89515"
"42168","8095","89922"
"42169","8095","89918"
"42170","8095","89924"
"42171","8095","89928"
"42176","9261","90111"
"42177","9261","90102"
"42178","9261","90089"
"42179","9261","90105"
"42180","9261","90126"
"42181","9261","90143"
"42182","9261","90133"
"42183","9261","90357"
"42184","9261","90465"
"42189","9165","123352"
"42190","9165","301250"
"42191","9165","301250"
"42192","10303","123603"
"42193","10303","123610"
"42194","10303","123612"
"42195","10303","123605"
"42196","10303","123608"
"42197","10303","123606"
"42198","10303","123613"
"42199","10303","123622"
"42200","10303","123617"
"42201","10303","123619"
"42202","10303","123615"
"42203","10303","123623"
"42204","10303","123624"
"42205","10303","123631"
"42206","10303","123627"
"42207","10303","123637"
"42208","10303","123626"
"42209","10303","123636"
"42210","10303","123642"
"42211","10303","123640"
"42212","10303","123643"
"42213","10303","123641"
"42214","10303","123648"
"42215","10303","123649"
"42216","10303","123651"
"42217","10303","123667"
"42218","10303","123652"
"42219","10303","123725"
"42232","10304","126753"
"42233","10304","126700"
"42249","6762","95690"
"42250","6762","301023"
"42251","6762","95725"
"42252","6762","95735"
"42253","6762","95776"
"42254","6083","95651"
"42255","6083","95652"
"42256","6083","95665"
"42260","692","104276"
"42261","692","104300"
"42262","692","104275"
"42263","692","104270"
"42264","1253","300956"
"42265","1253","80667"
"42271","8084","2796"
"42272","8084","2802"
"42273","8084","2887"
"42274","8084","2801"
"42275","8084","2806"
"42276","8084","2808"
"42277","8084","2810"
"42278","8084","2827"
"42279","8084","2835"
"42280","8084","2855"
"42281","8084","2885"
"42282","8084","2849"
"42283","8084","2798"
"42284","8084","2833"
"42285","8084","2871"
"42286","8100","90860"
"42287","8100","90810"
"42288","8100","90862"
"42289","8100","90872"
"42290","7281","63651"
"42291","928","300910"
"42292","5161","145369"
"42293","5161","145378"
"42294","3868","152773"
"42295","3868","152780"
"42296","5931","117987"
"42297","5931","117967"
"42314","5932","117974"
"42315","6086","96727"
"42316","6086","96731"
"42317","6086","96717"
"42318","3446","99661"
"42319","3446","99692"
"42320","3446","99695"
"42321","3446","99711"
"42322","3446","99654"
"42323","3446","99627"
"42324","3446","99631"
"42325","3446","99632"
"42326","3446","99650"
"42327","3446","99645"
"42328","3446","99653"
"42329","3446","99665"
"42330","3446","99683"
"42331","3446","99686"
"42332","3446","99691"
"42333","3446","99700"
"42354","9291","102605"
"42355","9291","102613"
"42356","9291","102663"
"42357","9291","102664"
"42358","9291","102641"
"42359","9291","102630"
"42360","9291","102696"
"42361","9291","102609"
"42362","9291","102725"
"42363","9291","102610"
"42364","9291","301048"
"42365","9291","102655"
"42366","9291","102844"
"42367","9291","102651"
"42368","9291","102618"
"42369","9291","102661"
"42370","9291","102739"
"42371","9291","102695"
"42372","9291","102808"
"42373","9291","102818"
"42374","983","68922"
"42375","983","68970"
"42376","8019","87653"
"42377","8019","87657"
"42378","8019","87661"
"42379","6976","300922"
"42380","6976","70583"
"42381","6976","300922"
"42382","6976","70647"
"42383","6976","300922"
"42384","8035","153512"
"42385","8035","153514"
"42386","980","73917"
"42387","3901","147241"
"42388","3901","147247"
"42389","3901","147246"
"42390","3901","147263"
"42391","3901","147259"
"42392","3901","147264"
"42393","7227","154974"
"42394","7227","154940"
"42395","7227","154947"
"42396","7227","154951"
"42397","7227","154967"
"42398","7227","154969"
"42399","7227","154979"
"42408","9683","196243"
"42409","9683","196269"
"42410","9683","196272"
"42411","9683","196232"
"42412","9683","196228"
"42413","9683","196318"
"42414","9683","196263"
"42415","9683","196264"
"42416","9683","196225"
"42417","9683","196226"
"42418","9683","196230"
"42419","9683","196236"
"42420","9683","196239"
"42421","9683","196240"
"42422","9683","196249"
"42423","9683","196258"
"42424","9683","196260"
"42425","9683","196266"
"42426","9683","196279"
"42427","9683","196360"
"42452","4345","232200"
"42453","4345","232438"
"42454","3744","235446"
"42455","3744","235447"
"42456","7195","212432"
"42457","7195","212434"
"42458","7195","212420"
"42459","7195","212491"
"42460","7195","212421"
"42461","7195","212423"
"42462","7195","212422"
"42463","7195","212427"
"42464","7195","212429"
"42465","7195","212426"
"42466","7195","212435"
"42467","7195","212431"
"42468","7195","212436"
"42469","7195","212437"
"42470","7195","212438"
"42471","7195","212440"
"42472","7195","212441"
"42473","7195","212443"
"42474","7195","212487"
"42475","7195","212503"
"42476","3451","216088"
"42477","3451","216082"
"42478","3451","216056"
"42479","3451","216027"
"42480","3451","216136"
"42481","3451","216046"
"42482","3451","216055"
"42483","3451","216063"
"42484","3451","216075"
"42485","3451","216066"
"42486","3451","216100"
"42487","3451","216122"
"42488","3451","216380"
"42489","3451","216200"
"42490","3451","216436"
"42491","929","218099"
"42492","929","217970"
"42493","929","218034"
"42494","929","217998"
"42495","929","218023"
"42496","929","218088"
"42497","1218","219961"
"42498","1218","220005"
"42499","1218","220003"
"42500","1218","220149"
"42501","1218","220037"
"42502","1218","220126"
"42503","1218","219981"
"42504","1218","220150"
"42505","1218","219966"
"42506","1218","219987"
"42507","1218","219989"
"42508","1218","220006"
"42509","1218","220009"
"42510","1218","220013"
"42511","1218","220033"
"42512","1218","220070"
"42513","1218","220137"
"42514","1218","220223"
"42515","1218","220117"
"42516","1218","220224"
"42519","1025","222275"
"42520","1025","222311"
"42521","1725","226374"
"42522","1725","226362"
"42523","1782","226862"
"42524","1782","226881"
"42525","1782","226909"
"42526","1782","226884"
"42527","1922","227067"
"42528","1922","227077"
"42529","1922","227177"
"42534","5543","229465"
"42535","5543","229443"
"42536","5543","229497"
"42537","5543","229424"
"42538","2787","234445"
"42539","2787","234447"
"42540","2787","234473"
"42541","2787","234461"
"42542","2787","234463"
"42543","4344","237388"
"42551","8406","189732"
"42552","8406","189733"
"42553","8406","189734"
"42554","8406","189736"
"42555","8406","189735"
"42556","8406","189737"
"42557","8406","189738"
"42558","8406","189739"
"42559","8406","189741"
"42560","8406","189740"
"42561","8406","189744"
"42562","8406","189745"
"42563","10298","140583"
"42564","10298","140584"
"42565","10298","140585"
"42566","10298","140586"
"42567","10298","140587"
"42568","10298","140588"
"42569","10298","140589"
"42570","10298","140590"
"42571","10298","140591"
"42577","740","23546"
"42578","740","300740"
"42580","8918","157328"
"42581","8918","157332"
"42582","8918","157331"
"42583","8918","157329"
"42584","8918","157330"
"42597","10286","191880"
"42598","10286","191833"
"42599","10286","191836"
"42600","10286","191846"
"42601","10286","191942"
"42602","10286","191852"
"42603","10286","191878"
"42604","10286","191945"
"42605","10286","191932"
"42606","10286","191954"
"42607","10286","191970"
"42608","10286","191963"
"42609","9062","192134"
"42610","9062","192136"
"42611","8399","192493"
"42612","8399","192495"
"42615","7324","44105"
"42616","7324","44073"
"42617","10311","117812"
"42618","10311","117813"
"42619","10311","117807"
"42620","10311","117798"
"42621","10311","117811"
"42622","5935","118126"
"42623","5935","118121"
"42624","5935","118128"
"42632","7062","294451"
"42633","7062","294443"
"42634","7062","294445"
"42635","7062","294446"
"42636","7062","294447"
"42637","7062","294449"
"42638","7062","294448"
"42639","8307","295579"
"42640","8307","295590"
"42641","8307","295580"
"42642","8307","295584"
"42643","8307","295586"
"42644","8307","295587"
"42645","8307","295588"
"42646","8307","295600"
"42647","9730","296042"
"42648","9730","296040"
"42651","7948","297105"
"42652","7948","297110"
"42653","7948","297111"
"42654","7948","297107"
"42655","7948","297100"
"42656","7948","297108"
"42657","7948","297113"
"42658","7948","297132"
"42659","7948","297115"
"42660","10297","245495"
"42661","10297","245352"
"42662","10297","245397"
"42663","10297","245392"
"42664","10297","245408"
"42665","10297","245412"
"42666","10297","245481"
"42667","7899","249250"
"42668","7899","249586"
"42675","9689","197177"
"42676","6926","302684"
"42677","6926","242194"
"42678","6931","242226"
"42679","6931","242236"
"42680","8008","253060"
"42681","8008","253115"
"42682","8008","253077"
"42683","8008","253062"
"42684","8008","253070"
"42685","8008","253198"
"42686","6923","240460"
"42687","6923","240433"
"42688","6923","240523"
"42689","7895","302708"
"42690","7895","248948"
"42691","8011","302721"
"42692","8011","302721"
"42693","8011","254450"
"42694","8011","302721"
"42695","8011","302721"
"42701","7260","38699"
"42702","7260","300797"
"42703","7260","38676"
"42704","7260","39020"
"42705","7260","38675"
"42706","7820","160037"
"42707","8446","160856"
"42741","2943","259026"
"42742","2943","259032"
"42743","2943","259025"
"42744","2943","259024"
"42745","5422","119192"
"42746","5422","119174"
"42747","5422","119174"
"42748","5422","119212"
"42749","5422","119189"
"42750","5422","119184"
"42751","5422","119176"
"42752","5422","119175"
"42753","5422","119177"
"42754","5422","119178"
"42755","5422","119179"
"42756","5422","119182"
"42757","5422","119181"
"42758","5422","119183"
"42759","5422","119185"
"42760","5422","119185"
"42761","5422","119186"
"42762","5422","119190"
"42763","5422","119193"
"42764","5422","119208"
"42765","9273","91350"
"42766","9273","91359"
"42767","9273","91361"
"42768","10285","302381"
"42769","1254","270665"
"42770","1254","270549"
"42771","1254","270625"
"42772","1254","270608"
"42773","1254","270545"
"42774","1254","270534"
"42775","1254","271184"
"42776","1254","270529"
"42777","1254","270531"
"42778","1254","270538"
"42779","1254","270548"
"42780","1254","270541"
"42781","1254","270562"
"42782","1254","270567"
"42783","1254","270568"
"42784","1254","270591"
"42785","1254","270612"
"42786","1254","270615"
"42787","1254","270657"
"42788","1254","270660"
"42789","1034","258012"
"42790","1034","258009"
"42791","1034","258024"
"42792","1463","258765"
"42793","1463","258723"
"42794","1463","258916"
"42795","1463","258771"
"42796","1463","258775"
"42797","1051","258950"
"42798","1051","258937"
"42799","1051","258940"
"42800","1051","258936"
"42801","1051","258966"
"42802","1051","258929"
"42803","1051","258934"
"42804","1051","258932"
"42805","628","258976"
"42806","628","258986"
"42807","628","258992"
"42808","628","258977"
"42809","628","258975"
"42810","628","258980"
"42811","628","258978"
"42812","628","258983"
"42813","628","258981"
"42814","628","258982"
"42815","628","258987"
"42816","628","258985"
"42817","628","258989"
"42818","628","258990"
"42819","628","258988"
"42820","628","258996"
"42821","628","259018"
"42822","7906","158858"
"42823","9224","158861"
"42824","9222","158862"
"42825","979","158937"
"42826","6888","140062"
"42827","5829","140618"
"42828","5108","144660"
"42829","5108","144582"
"42830","5108","144654"
"42831","5108","144625"
"42832","5108","144774"
"42839","8064","30748"
"42840","8064","30745"
"42841","8064","30740"
"42842","8064","30760"
"42843","8064","30772"
"42844","8064","30755"
"42845","8064","30762"
"42846","8064","30764"
"42880","7059","294172"
"42881","7059","294173"
"42882","10312","115658"
"42883","10312","115657"
"42884","10312","115659"
"42885","10312","115656"
"42886","10312","115655"
"42887","10312","115653"
"42888","10312","115664"
"42889","7620","301228"
"42890","7620","120341"
"42891","7620","120352"
"42892","7748","301229"
"42893","7748","301229"
"42894","7748","301229"
"42895","7748","301229"
"42899","8383","301231"
"42900","8383","120526"
"42901","8383","120542"
"42902","7643","301232"
"42903","7643","120590"
"42904","8155","301235"
"42905","8155","301235"
"42906","8155","121008"
"42907","7201","301237"
"42908","7201","301237"
"42909","7201","121295"
"42910","7201","121292"
"42911","7201","121298"
"42912","7201","121300"
"42913","7201","121301"
"42914","7201","121305"
"42915","8286","122088"
"42916","8286","122113"
"42917","8286","122110"
"42918","8286","122132"
"42919","5842","122590"
"42920","5842","301246"
"42921","5842","301246"
"42922","5842","301246"
"42923","5842","301246"
"42924","5842","122830"
"42925","5842","301246"
"42926","8292","301249"
"42927","8292","301249"
"42928","8292","301249"
"42929","8292","301249"
"42930","8292","301249"
"42931","8292","301249"
"42932","8292","301249"
"42933","8292","301249"
"42934","8292","301249"
"42935","8292","301249"
"42936","8292","301249"
"42937","8292","301249"
"42938","8292","301249"
"42939","7209","124524"
"42940","7209","124537"
"42941","8388","126059"
"42942","8388","126022"
"42943","8388","126001"
"42944","8388","126024"
"42945","7350","126527"
"42946","7350","301272"
"42947","7350","301272"
"42948","7350","126431"
"42949","7350","301272"
"42950","7350","126428"
"42951","7350","301272"
"42952","7350","126433"
"42953","7350","126498"
"42954","7350","126470"
"42955","7350","126528"
"42956","8247","132965"
"42957","8247","301310"
"42958","8247","132966"
"42959","8247","132968"
"42960","8247","133118"
"42961","8247","132961"
"42962","8247","132969"
"42963","8247","132972"
"42964","8247","132971"
"42965","8247","132973"
"42966","8247","133078"
"42967","8244","301313"
"42968","8244","301313"
"42969","8244","133806"
"42970","8244","133795"
"42971","9167","301316"
"42972","9167","134432"
"42973","9348","301319"
"42974","9348","301319"
"42975","9348","134822"
"42976","9348","134829"
"42977","9348","301319"
"42978","9348","134832"
"42979","9348","134833"
"42980","9348","134843"
"42981","9348","134839"
"42982","7364","136922"
"42983","7364","136936"
"42984","7364","136940"
"42985","7364","136923"
"42986","7364","136964"
"42987","7364","136921"
"42988","7364","136950"
"42989","7364","136944"
"42990","7364","136946"
"42991","7364","136931"
"42992","7364","136927"
"42993","7364","136930"
"42994","7364","136951"
"42995","7364","136932"
"42996","7364","136948"
"42997","7364","136943"
"42998","7364","136949"
"42999","7364","136917"
"43000","7364","136939"
"43001","7364","136947"
"43002","7364","136961"
"43003","7240","301336"
"43004","7240","301336"
"43005","7240","301336"
"43006","7240","301336"
"43007","8744","137892"
"43008","8744","137899"
"43009","8744","301340"
"43010","8744","137909"
"43011","8744","301340"
"43012","8744","137887"
"43013","8744","137903"
"43014","8744","137890"
"43015","8744","137907"
"43016","8744","137895"
"43017","8744","137924"
"43018","8744","137929"
"43019","8744","137908"
"43020","8744","137934"
"43021","8744","137931"
"43022","8744","138037"
"43023","8303","301345"
"43024","8303","301345"
"43025","8303","301345"
"43026","8303","138500"
"43027","8303","301345"
"43028","8303","138519"
"43029","8303","138551"
"43030","8303","138519"
"43031","8861","139134"
"43032","8861","138822"
"43033","8861","138800"
"43034","8861","138832"
"43035","8861","138855"
"43036","8861","138870"
"43037","8861","138857"
"43038","8861","139130"
"43039","7357","301351"
"43040","7357","301351"
"43041","7357","139440"
"43042","7357","139397"
"43043","7357","139487"
"43044","5221","301352"
"43045","8275","32240"
"43046","8275","32247"
"43047","8275","32318"
"43048","8275","32229"
"43049","8275","32230"
"43050","8275","32238"
"43051","8275","32235"
"43052","8275","32244"
"43053","8275","32249"
"43054","8275","32246"
"43055","8275","32265"
"43056","8275","32293"
"43057","5761","32151"
"43058","5761","32132"
"43059","5761","32152"
"43060","5761","32128"
"43061","5761","32124"
"43062","5761","32126"
"43063","5761","32141"
"43089","1783","31715"
"43090","1783","31722"
"43091","1783","31698"
"43092","1783","31699"
"43093","1783","31701"
"43094","1783","31706"
"43109","8063","31337"
"43110","8063","31356"
"43111","8063","31340"
"43112","8063","31343"
"43113","8063","31342"
"43114","8063","31344"
"43115","8063","31345"
"43116","8063","31346"
"43117","8063","31349"
"43118","8063","31348"
"43119","8063","31351"
"43120","8063","31352"
"43121","8063","31353"
"43122","8063","31355"
"43123","6101","201085"
"43124","1085","30169"
"43125","1085","30178"
"43126","1085","30166"
"43127","1085","30184"
"43128","1085","30170"
"43129","1085","30179"
"43130","1781","31087"
"43131","1781","31077"
"43132","1781","31084"
"43133","1781","31086"
"43134","1781","31085"
"43135","1781","31089"
"43136","1781","31088"
"43137","1781","31090"
"43138","8062","32039"
"43139","8062","31808"
"43140","8062","31767"
"43141","8062","31791"
"43142","8062","31772"
"43143","8062","31775"
"43144","8062","31811"
"43145","8062","31778"
"43146","8062","31779"
"43147","8062","31784"
"43148","8062","31794"
"43149","8062","31789"
"43150","8062","31822"
"43151","9581","296383"
"43152","9581","296386"
"43153","8984","174682"
"43154","8967","176681"
"43155","8967","176690"
"43156","8967","176589"
"43157","8967","176698"
"43158","8967","176642"
"43159","8967","176661"
"43160","8967","176662"
"43161","8967","176663"
"43162","8967","176673"
"43163","8967","176675"
"43164","8967","176674"
"43165","8967","176676"
"43166","8967","176677"
"43167","8967","176678"
"43168","8967","176679"
"43169","8967","176680"
"43170","8967","176682"
"43171","8967","176691"
"43172","8967","176697"
"43173","8967","176698"
"43174","9515","187178"
"43175","9515","187179"
"43176","6518","184834"
